"camis","dba","boro","building","street","zipcode","phone","cuisine_description","inspection_date","action","violation_code","violation_description","critical_flag","score","grade","grade_date","record_date","inspection_type","latitude","longitude","community_board","council_district","census_tract","bin","bbl","nta","location"
"40365726","BARBETTA","Manhattan","319321","323 W. 46TH ST.",,"2122469171","Italian","2022-10-26T00:00:00.000","Violations were cited in the following area(s).","02B","Hot TCS food item not held at or above 140 °F.","Critical","21",,,"2025-10-22T06:00:09.000","Cycle Inspection / Initial Inspection","0","0",,,,,"1",,
"50176899","Wingstop","Brooklyn","1902","RALPH AVENUE","11236","4195311818",,"1900-01-01T00:00:00.000",,,,"Not Applicable",,,,"2025-10-22T06:00:14.000",,"40.630767363675","-73.918474416263","318","46","072000","3214956","3077630001","BK58","POINT (-73.918474416263 40.630767363675)"
"50102205","CHUNG CHING","Bronx","26266","ALEXANDER AVE",,"3479676666","Chinese","2022-06-01T00:00:00.000","Violations were cited in the following area(s).","06C","Food not protected from potential source of contamination during storage, preparation, transportation, display or service.","Critical","42",,,"2025-10-22T06:00:09.000","Pre-permit (Operational) / Initial Inspection","0","0",,,,,"2",,
"50170231","NEROLAB","Manhattan","340","WEST   40 STREET","10018","9176732263",,"1900-01-01T00:00:00.000",,,,"Not Applicable",,,,"2025-10-22T06:00:14.000",,"40.756457261114","-73.99196880133","104","03","011500","1013693","1007630060","MN15","POINT (-73.99196880133 40.756457261114)"
"41543970","PAUSE CAFE","Manhattan","3","CLINTON SREET",,"2126775415","Middle Eastern","2021-12-22T00:00:00.000","Violations were cited in the following area(s).","10H","Proper sanitization not provided for utensil ware washing operation.","Not Critical","19",,,"2025-10-22T06:00:09.000","Cycle Inspection / Initial Inspection","0","0",,,,,"1",,
"50177963","EL CHAPIN 2025","Brooklyn","3917","4 AVENUE","11232","3476004551",,"1900-01-01T00:00:00.000",,,,"Not Applicable",,,,"2025-10-22T06:00:14.000",,"40.652468998942","-74.00631039332","307","38","008400","3010521","3007090003","BK32","POINT (-74.00631039332 40.652468998942)"
"40550765","ARETSKY'S PATROON","Manhattan","158160","EAST   46 STREET",,"2128837373","American","2025-08-19T00:00:00.000","Violations were cited in the following area(s).","02B","Hot TCS food item not held at or above 140 °F.","Critical","11","A","2025-08-19T00:00:00.000","2025-10-22T06:00:09.000","Cycle Inspection / Initial Inspection","0","0",,,,,"1",,
"50160412","TOYO RAMEN BAR","Brooklyn","349","7 AVENUE","11215","8573089796",,"1900-01-01T00:00:00.000",,,,"Not Applicable",,,,"2025-10-22T06:00:14.000",,"40.666194419994","-73.982142691998","306","39","015100","3026127","3010940010","BK37","POINT (-73.982142691998 40.666194419994)"
"50172253","NYC GOTHAM FOODS INC.","Manhattan","151","EAST  125 STREET","10035","7324062445",,"1900-01-01T00:00:00.000",,,,"Not Applicable",,,,"2025-10-22T06:00:14.000",,"40.804193469515","-73.936982842861","111","08","019600","1087143","1017747501","MN34","POINT (-73.936982842861 40.804193469515)"
"50177600","LISETTE GARCIA","0","N/A","N/A","N/A","3478053506",,"1900-01-01T00:00:00.000",,,,"Not Applicable",,,,"2025-10-22T06:00:14.000",,,,,,,,,,
"50122424","ADMIRAL'S CLUB","Queens",,"TERMINAL B","11371","7184065129",,"1900-01-01T00:00:00.000",,,,"Not Applicable",,,,"2025-10-22T06:00:14.000",,,,,,,,,,
"50166647","NB'S CRAB INC","Queens","133-35","ROOSEVELT AVENUE","11354","3473684442",,"1900-01-01T00:00:00.000",,,,"Not Applicable",,,,"2025-10-22T06:00:14.000",,"40.758501995257","-73.833241808988","407","20","087100","4112276","4049730016","QN22","POINT (-73.833241808988 40.758501995257)"
"50066463","CAFE 53","Manhattan","1301","AVE OF TH AMER",,"2123507441","American","2024-03-28T00:00:00.000","Violations were cited in the following area(s).","02B","Hot TCS food item not held at or above 140 °F.","Critical","13","A","2024-03-28T00:00:00.000","2025-10-22T06:00:09.000","Cycle Inspection / Re-inspection","0","0",,,,,"1",,
"50171312","RONALD BAKERY CORP","Bronx","790","LYDIG AVENUE","10462","9175290966",,"1900-01-01T00:00:00.000",,,,"Not Applicable",,,,"2025-10-22T06:00:14.000",,"40.854416937911","-73.864232878038","211","13","022800","2048825","2042920024","BX49","POINT (-73.864232878038 40.854416937911)"
"50172459","CAFFE SPARROW LLC","Queens","3008","37TH ST","11103","9174781522",,"1900-01-01T00:00:00.000",,,,"Not Applicable",,,,"2025-10-22T06:00:14.000",,"40.764107386728","-73.917032651871","401","22","006300","4010016","4006510049","QN70","POINT (-73.917032651871 40.764107386728)"
"50174576","LUCYS COFFEE CORPORATION","Brooklyn","2105","ATLANTIC AVENUE","11233","3473610613",,"1900-01-01T00:00:00.000",,,,"Not Applicable",,,,"2025-10-22T06:00:14.000",,"40.676280294918","-73.909780570846","316","37","036900","3042636","3015690001","BK79","POINT (-73.909780570846 40.676280294918)"
"50159621","LE BASQUE","Manhattan","15","UNION SQUARE WEST","10003","6467722425",,"1900-01-01T00:00:00.000",,,,"Not Applicable",,,,"2025-10-22T06:00:14.000",,"40.735783666285","-73.991296531347","105","02","005200","1016065","1008427502","MN13","POINT (-73.991296531347 40.735783666285)"
"50106366","FONDA GARIBALDI","Brooklyn","6732","13 AVENUE","11219","6463016997",,"1900-01-01T00:00:00.000",,,,"Not Applicable",,,,"2025-10-22T06:00:14.000",,"40.624554701242","-74.003015180853","310","43","019600","3142872","3057670055","BK30","POINT (-74.003015180853 40.624554701242)"
"50169023","CAFE BON AMI","Manhattan","139","ORCHARD STREET","10002","2015395127",,"1900-01-01T00:00:00.000",,,,"Not Applicable",,,,"2025-10-22T06:00:14.000",,"40.720034027074","-73.989260331808","103","01","001800","1088498","1004150067","MN27","POINT (-73.989260331808 40.720034027074)"
"50166209","MACCA RESTAURANT","Bronx","611","MORRIS PARK AVENUE","10460","3477099909",,"1900-01-01T00:00:00.000",,,,"Not Applicable",,,,"2025-10-22T06:00:14.000",,"40.844226004348","-73.869201751014","211","15","022000","2042503","2040110038","BX17","POINT (-73.869201751014 40.844226004348)"
"50136993","CAFFE CORRETTO","Brooklyn","6502","20 AVENUE","11204","9178372904","Coffee/Tea","2025-07-17T00:00:00.000","No violations were recorded at the time of this inspection.",,,"Not Applicable",,,,"2025-10-22T06:00:09.000","Smoke-Free Air Act / Re-inspection","40.616421085504","-73.985970498267","311","43","025600","3133959","3055550035","BK28","POINT (-73.985970498267 40.616421085504)"
"41194745","GOLDEN PALACE GOURMET","Queens","14009","CHERRRY AVENUE",,"7188864383","Chinese","2023-05-10T00:00:00.000","Violations were cited in the following area(s).","02B","Hot TCS food item not held at or above 140 °F.","Critical","34","C","2023-05-10T00:00:00.000","2025-10-22T06:00:09.000","Cycle Inspection / Re-inspection","0","0",,,,,"4",,
"50171444","CHICKEN/FRIES CONCESSION","Manhattan","4","PENN PLZ","10121","2124656000",,"1900-01-01T00:00:00.000",,,,"Not Applicable",,,,"2025-10-22T06:00:14.000",,"40.750654836632","-73.991944239076","105","03","010100","1082908","1007810001","MN17","POINT (-73.991944239076 40.750654836632)"
"50166455","TEXMEX CHICKEN & BURRITO","Queens","99","HILLSIDE AVENUE","11697","3479557057",,"1900-01-01T00:00:00.000",,,,"Not Applicable",,,,"2025-10-22T06:00:14.000",,"40.566908902188","-73.89094281781","414","32","091601","4620161","4163400050","QN10","POINT (-73.89094281781 40.566908902188)"
"50164043","JACOBS PICKLES","Queens","JFK","International Airport Terminal 5","11431","7037237264",,"1900-01-01T00:00:00.000",,,,"Not Applicable",,,,"2025-10-22T06:00:14.000",,,,,,,,,,
"50143764","Cafe 98/AL Legacy Enterprises","Brooklyn","371","EAST   98 STREET","11212","3473935339",,"1900-01-01T00:00:00.000",,,,"Not Applicable",,,,"2025-10-22T06:00:14.000",,"40.659160645249","-73.916406789042","316","41","089400","3348059","3035940007","BK81","POINT (-73.916406789042 40.659160645249)"
"50061477","CITI FIELD VIP LOUNGE","Queens","0","126 STREET & ROOSEVELT AVENUE",,"7185958100","American","2024-09-20T00:00:00.000","No violations were recorded at the time of this inspection.",,,"Not Applicable","0","A","2024-09-20T00:00:00.000","2025-10-22T06:00:09.000","Cycle Inspection / Initial Inspection","0","0",,,,,"4",,
"50155115","MOKA & CO","Manhattan","416","3 AVENUE","10016","6465967010","Coffee/Tea","2025-05-15T00:00:00.000","Establishment re-opened by DOHMH.",,,"Not Applicable","0",,,"2025-10-22T06:00:09.000","Pre-permit (Operational) / Reopening Inspection","40.742677159922","-73.980353812172","106","02","007200","1018263","1008850042","MN20","POINT (-73.980353812172 40.742677159922)"
"50177599","HIMALAYANGREENS INC","Manhattan","1425","YORK AVENUE","10021","5302823996",,"1900-01-01T00:00:00.000",,,,"Not Applicable",,,,"2025-10-22T06:00:14.000",,"40.769221617874","-73.952023757854","108","05","013200","1045934","1014700025","MN31","POINT (-73.952023757854 40.769221617874)"
"50164440","Maurizio's On The Water","Queens","15411","POWELLS COVE BLVD","11357","7187673100",,"1900-01-01T00:00:00.000",,,,"Not Applicable",,,,"2025-10-22T06:00:14.000",,"40.795975241885","-73.80639942985","407","19","098700","4522578","4045310400","QN49","POINT (-73.80639942985 40.795975241885)"
"50148716","DELTA JFK","Queens","JFK","INTERNATIONAL AIRPORT","11430","7043285184",,"1900-01-01T00:00:00.000",,,,"Not Applicable",,,,"2025-10-22T06:00:14.000",,"40.648312826068","-73.788281497594","483","28","071600","4000000","4142600001","QN98","POINT (-73.788281497594 40.648312826068)"
"50166830","BUTTER SMASHBURGERS","Manhattan","17","SAINT MARKS PLACE","10003","4159904154",,"1900-01-01T00:00:00.000",,,,"Not Applicable",,,,"2025-10-22T06:00:14.000",,"40.729116423896","-73.988883626164","103","02","003800","1006755","1004640051","MN22","POINT (-73.988883626164 40.729116423896)"
"50176026","NEW IPOH KITCHEN ASIAN CUISINE INC.","Brooklyn","6415","20 AVENUE","11204","6467732563",,"1900-01-01T00:00:00.000",,,,"Not Applicable",,,,"2025-10-22T06:00:14.000",,"40.61696173421","-73.985379663527","311","43","025400","3133621","3055490004","BK28","POINT (-73.985379663527 40.61696173421)"
"50172187","CROWN FRIED CHICKEN AND PIZZA FLAVOR INC","Queens","10613","GUY R BREWER BLVD","11433","9293588154",,"1900-01-01T00:00:00.000",,,,"Not Applicable",,,,"2025-10-22T06:00:14.000",,"40.699374954985","-73.793290342752","412","27","025400","4216314","4101610065","QN01","POINT (-73.793290342752 40.699374954985)"
"50149111","KUKIN BAR LOUNGE","Queens","18223","JAMAICA AVE","11423","3476518174",,"1900-01-01T00:00:00.000",,,,"Not Applicable",,,,"2025-10-22T06:00:14.000",,"40.708843773439","-73.778241526024","412","23","047000","4211802","4099000001","QN61","POINT (-73.778241526024 40.708843773439)"
"50135265","ELLA FUNT","Manhattan","80","EAST    4 STREET","10003","6465925833",,"1900-01-01T00:00:00.000",,,,"Not Applicable",,,,"2025-10-22T06:00:14.000",,"40.726379987982","-73.989919549431","103","02","003800","1006574","1004590029","MN22","POINT (-73.989919549431 40.726379987982)"
"50176253","MEXI-CORNER INC","Manhattan","100","WEST   83 STREET","10024","6468069948",,"1900-01-01T00:00:00.000",,,,"Not Applicable",,,,"2025-10-22T06:00:14.000",,"40.78470363176","-73.974029222509","107","06","016900","1032074","1012130035","MN12","POINT (-73.974029222509 40.78470363176)"
"50104509","CHELSEA PIERS GOLF BAR AND LOUNGEQ","Manhattan","59","CHELSEA PIERS","10011","2123366831",,"1900-01-01T00:00:00.000",,,,"Not Applicable",,,,"2025-10-22T06:00:14.000",,"40.747992386672","-74.008495743918","104","03","009900","1000000","1006620011","MN13","POINT (-74.008495743918 40.747992386672)"
"50162750","LOCA MADRES INC.","Manhattan","1802","65TH ST",,"7188971732",,"1900-01-01T00:00:00.000",,,,"Not Applicable",,,,"2025-10-22T06:00:14.000",,"0","0",,,,,"1",,
"50165264","CAFE CHOCOLAT BK LLC","Brooklyn","1417","AVENUE J","11230","8455488230",,"1900-01-01T00:00:00.000",,,,"Not Applicable",,,,"2025-10-22T06:00:14.000",,"40.625108397073","-73.962073967291","314","44","053000","3179617","3067077501","BK43","POINT (-73.962073967291 40.625108397073)"
"50172639","TAWNY","Manhattan","173","HENRY STREET","10002","9087701278",,"1900-01-01T00:00:00.000",,,,"Not Applicable",,,,"2025-10-22T06:00:14.000",,"40.71347949423","-73.988983638263","103","01","000600","1003614","1002840011","MN28","POINT (-73.988983638263 40.71347949423)"
"50151047","MILLY'S","Brooklyn","397","GREENE AVENUE","11216","7182553220",,"1900-01-01T00:00:00.000",,,,"Not Applicable",,,,"2025-10-22T06:00:14.000",,"40.687933924872","-73.955223125747","303","36","023300","3398075","3019547501","BK75","POINT (-73.955223125747 40.687933924872)"
"50128104","LIBERTY RESTAURANT","Queens","12916","LIBERTY AVE","11419","7183234285","Fusion","2025-01-29T00:00:00.000","No violations were recorded at the time of this inspection.",,,"Not Applicable",,,,"2025-10-22T06:00:11.000","Trans Fat / Re-inspection","40.689365145503","-73.816081875288","410","28","015801","4204833","4095830007","QN55","POINT (-73.816081875288 40.689365145503)"
"50105583","MD ISLAM","Bronx","399","EAST  149 STREET","10455","6315681643",,"1900-01-01T00:00:00.000",,,,"Not Applicable",,,,"2025-10-22T06:00:14.000",,"40.816167825403","-73.918047720088","201","17","006500","2000859","2023280025","BX34","POINT (-73.918047720088 40.816167825403)"
"50159786","KUN TSUKI XTRA","Manhattan","464","WEST   51 STREET","10019","646675522_",,"1900-01-01T00:00:00.000",,,,"Not Applicable",,,,"2025-10-22T06:00:14.000",,"40.764825893973","-73.990224166623","104","03","013300","1026709","1010600160","MN15","POINT (-73.990224166623 40.764825893973)"
"50176726","EDUAR2 TACO PIZZA MEXITALIAN","Bronx","4235","KATONAH AVENUE","10470","9143125149",,"1900-01-01T00:00:00.000",,,,"Not Applicable",,,,"2025-10-22T06:00:14.000",,"40.896721971034","-73.867043493787","212","11","044902","2100707","2033740034","BX62","POINT (-73.867043493787 40.896721971034)"
"50173456","SEVEN FISH CUISINE BK INC.","Brooklyn","782","47 STREET","11220","6462363392",,"1900-01-01T00:00:00.000",,,,"Not Applicable",,,,"2025-10-22T06:00:14.000",,"40.643136890435","-74.002551188578","307","38","009400","3012431","3007680039","BK34","POINT (-74.002551188578 40.643136890435)"
"50177837","CIBAO RESTAURANT NY CORP","Manhattan","72","CLINTON STREET","10002","6463998289",,"1900-01-01T00:00:00.000",,,,"Not Applicable",,,,"2025-10-22T06:00:14.000",,"40.719245796903","-73.98497113651","103","01","002201","1004125","1003440173","MN28","POINT (-73.98497113651 40.719245796903)"
"50173513","228 ASIAN BISTRO","Brooklyn","228","DUFFIELD STREET","11201","3473921179",,"1900-01-01T00:00:00.000",,,,"Not Applicable",,,,"2025-10-22T06:00:14.000",,"40.691298465676","-73.984393290305","302","33","001500","3424452","3001450032","BK38","POINT (-73.984393290305 40.691298465676)"
"50159376","MEMBERS RESTAURANT AT THE TWENTY TWO","Manhattan","16","EAST   16 STREET","10003","2123024040",,"1900-01-01T00:00:00.000",,,,"Not Applicable",,,,"2025-10-22T06:00:14.000",,"40.737114940483","-73.992180433313","105","02","005200","1016077","1008430039","MN13","POINT (-73.992180433313 40.737114940483)"
"50163417","L' APPARTEMENT 4F","Manhattan","119","WEST   10 STREET","10011","9177553943",,"1900-01-01T00:00:00.000",,,,"Not Applicable",,,,"2025-10-22T06:00:14.000",,"40.734743730001","-73.999574215087","102","03","007100","1010572","1006060093","MN23","POINT (-73.999574215087 40.734743730001)"
"50152630","CLOSE UP","Manhattan","154","ORCHARD STREET","10002","7036877554",,"1900-01-01T00:00:00.000",,,,"Not Applicable",,,,"2025-10-22T06:00:14.000",,"40.720780565274","-73.988856161206","103","01","003001","1005344","1004110005","MN27","POINT (-73.988856161206 40.720780565274)"
"50165159","TAQUERIA GREEN VALLEY","Brooklyn","154","CARLTON AVENUE","11205","9296662879",,"1900-01-01T00:00:00.000",,,,"Not Applicable",,,,"2025-10-22T06:00:14.000",,"40.692880035215","-73.972799395633","302","35","018300","3058293","3020720030","BK68","POINT (-73.972799395633 40.692880035215)"
"50143606","BROOKLYN KURA","Brooklyn","34","34 STREET","11232","7143361286",,"1900-01-01T00:00:00.000",,,,"Not Applicable",,,,"2025-10-22T06:00:14.000",,"40.657607193275","-74.006880338253","307","38","001800","3336900","3006870001","BK32","POINT (-74.006880338253 40.657607193275)"
"50152254","MIGUEL CAMAS","Manhattan","958","SAINT NICHOLAS AVENUE","10032","3474397799",,"1900-01-01T00:00:00.000",,,,"Not Applicable",,,,"2025-10-22T06:00:14.000",,"40.833193610322","-73.940597886533","112","10","023900","1062506","1021080033","MN36","POINT (-73.940597886533 40.833193610322)"
"50173677","FROZEN HORIZON LLC","Bronx","3163","EAST TREMONT AVENUE","10461","8084394781",,"1900-01-01T00:00:00.000",,,,"Not Applicable",,,,"2025-10-22T06:00:14.000",,"40.83736307606","-73.834326327017","210","13","018400","2087410","2053510022","BX52","POINT (-73.834326327017 40.83736307606)"
"50176996","NO.1 CHINESE RESTAURANT 888 INC.","Bronx","3004","EASTCHESTER ROAD","10469","7183796197",,"1900-01-01T00:00:00.000",,,,"Not Applicable",,,,"2025-10-22T06:00:14.000",,"40.869614588989","-73.842749789216","212","12","035800","2061935","2047660039","BX03","POINT (-73.842749789216 40.869614588989)"
"50177369","TACHI - 339 W44 LLC","Manhattan","339","WEST   44 STREET","10036","5162250311",,"1900-01-01T00:00:00.000",,,,"Not Applicable",,,,"2025-10-22T06:00:14.000",,"40.759037182883","-73.990033707091","104","03","012100","1024989","1010350012","MN15","POINT (-73.990033707091 40.759037182883)"
"50084602","SAN MARCOS CAFE","Bronx","949 A&B","WESTCHESTER AVE",,"9176881846","Latin American","2024-04-05T00:00:00.000","Violations were cited in the following area(s).","09E","Wash hands sign not posted near or above hand washing sink.","Not Critical","25",,,"2025-10-22T06:00:09.000","Cycle Inspection / Initial Inspection","0","0",,,,,"2",,
"50171431","SOL ET SOLEIL LLC","Brooklyn","14","BUSHWICK AVENUE","11211","9178557438",,"1900-01-01T00:00:00.000",,,,"Not Applicable",,,,"2025-10-22T06:00:14.000",,"40.714318918918","-73.941880197468","301","34","049700","3068918","3027660016","BK90","POINT (-73.941880197468 40.714318918918)"
"50144114","KOUKLI","Manhattan","42","WEST   42 STREET","10036","9176704937",,"1900-01-01T00:00:00.000",,,,"Not Applicable",,,,"2025-10-22T06:00:14.000",,"40.754068239421","-73.982321170752","105","04","008400","1085593","1012570002","MN17","POINT (-73.982321170752 40.754068239421)"
"50170298","KILLSBORO LLC","Staten Island","814","RICHMOND TERRACE","10301","3472778680",,"1900-01-01T00:00:00.000",,,,"Not Applicable",,,,"2025-10-22T06:00:14.000",,"40.644718701595","-74.099405053953","501","49","008100","5001742","5000700020","SI22","POINT (-74.099405053953 40.644718701595)"
"50142942","COMMONPOINT QUEENS","Queens","8217","PARSONS BLVD","11432","7182685057",,"1900-01-01T00:00:00.000",,,,"Not Applicable",,,,"2025-10-22T06:00:14.000",,"40.717903796424","-73.808434411037","408","24","126700","4442434","4068587501","QN38","POINT (-73.808434411037 40.717903796424)"
"50171396","KNORI HANDROLL BAR","Brooklyn","121","GREENPOINT AVENUE","11222","9179091816",,"1900-01-01T00:00:00.000",,,,"Not Applicable",,,,"2025-10-22T06:00:14.000",,"40.730093651695","-73.955371484009","301","33","056500","3064724","3025580059","BK76","POINT (-73.955371484009 40.730093651695)"
"50177858","KELANG","Brooklyn","715","MANHATTAN AVENUE","11222","6464590668",,"1900-01-01T00:00:00.000",,,,"Not Applicable",,,,"2025-10-22T06:00:14.000",,"40.725939476051","-73.952040606051","301","33","056100","3065593","3026190023","BK76","POINT (-73.952040606051 40.725939476051)"
"50172765","REYES ANTOJITOS DOMINICANOS","Queens","47-54","46 STREET","11377","3479016473",,"1900-01-01T00:00:00.000",,,,"Not Applicable",,,,"2025-10-22T06:00:14.000",,"40.740163708835","-73.919307158614","402","26","018502","4002051","4001700052","QN31","POINT (-73.919307158614 40.740163708835)"
"41396671","STAND 324","Bronx","1","EAST  161 STREET","10451","9172843260","American","2024-09-27T00:00:00.000","No violations were recorded at the time of this inspection.",,,"Not Applicable","0","A","2024-09-27T00:00:00.000","2025-10-22T06:00:09.000","Cycle Inspection / Initial Inspection","40.829028434834","-73.928496459645","204","16","006300","2114490","2024930001","BX63","POINT (-73.928496459645 40.829028434834)"
"50177990","MEZEH","Manhattan","1700","BROADWAY","10019","7187015366",,"1900-01-01T00:00:00.000",,,,"Not Applicable",,,,"2025-10-22T06:00:14.000",,"40.763334557175","-73.982398119522","105","04","013100","1024836","1010250025","MN17","POINT (-73.982398119522 40.763334557175)"
"50146124","L’ARTUSI SUPPER CLUB","Manhattan","105","CHRISTOPHER STREET","10014","9175024239",,"1900-01-01T00:00:00.000",,,,"Not Applicable",,,,"2025-10-22T06:00:14.000",,"40.73330262614","-74.004867554043","102","03","007300","1076912","1006190038","MN23","POINT (-74.004867554043 40.73330262614)"
"50172360","PHO DRAGON RESTAURANT CORP","Manhattan","47","WEST   14 STREET","10011","7182340160",,"1900-01-01T00:00:00.000",,,,"Not Applicable",,,,"2025-10-22T06:00:14.000",,"40.736653984289","-73.99515385089","105","02","005400","1015285","1008160013","MN13","POINT (-73.99515385089 40.736653984289)"
"41305723","CANNELLE PATISSERIE","Bronx","7559","31 AVENUE",,"7185656200","French","2025-02-19T00:00:00.000","Violations were cited in the following area(s).","06F","Wiping cloths not stored clean and dry, or in a sanitizing solution, between uses.","Critical","10","A","2025-02-19T00:00:00.000","2025-10-22T06:00:09.000","Cycle Inspection / Re-inspection","0","0",,,,,"2",,
"50172361","FATEH AND BROTHERS LLC","Brooklyn","5119A","AVENUE U",,"7182880892",,"1900-01-01T00:00:00.000",,,,"Not Applicable",,,,"2025-10-22T06:00:14.000",,"0","0",,,,,"3",,
"50168117","HALAL MUNCHIES","Queens","6628","FRESH POND RD","11385","9293965384",,"1900-01-01T00:00:00.000",,,,"Not Applicable",,,,"2025-10-22T06:00:14.000",,"40.708145349708","-73.897845316194","405","30","058700","4084890","4035280071","QN20","POINT (-73.897845316194 40.708145349708)"
"50178002","DARK NECESSITY LLC","Brooklyn","679","CLASSON AVENUE","11238","9177578180",,"1900-01-01T00:00:00.000",,,,"Not Applicable",,,,"2025-10-22T06:00:14.000",,"40.677038680077","-73.959279123259","308","35","030500","3028287","3011490004","BK61","POINT (-73.959279123259 40.677038680077)"
"50173743","AAMA'S KITCHEN","Queens","7219","ROOSEVELT AVE","11372","3478089595",,"1900-01-01T00:00:00.000",,,,"Not Applicable",,,,"2025-10-22T06:00:14.000",,"40.74665848247","-73.893238696929","403","25","026500","4314443","4012830092","QN50","POINT (-73.893238696929 40.74665848247)"
"50159517","PHOGRAND","Queens","15616","NORTHERN BLVD","11354","7187668892",,"1900-01-01T00:00:00.000",,,,"Not Applicable",,,,"2025-10-22T06:00:14.000",,"40.763983764376","-73.808900614657","407","20","117100","4444996","4052750001","QN51","POINT (-73.808900614657 40.763983764376)"
"50173758","ROMAINE EMPIRE INC FARMER'S FRIDGE","Manhattan","5141","BROADWAY","10034","3122290099",,"1900-01-01T00:00:00.000",,,,"Not Applicable",,,,"2025-10-22T06:00:14.000",,"40.872378804051","-73.912666496098","112","10","029700","1065045","1022440100","MN99","POINT (-73.912666496098 40.872378804051)"
"50178093","LE PIN DAO BUSINESS MANAGEMENT INC.","Queens","27-53","JACKSON AVENUE","11101","9173063883",,"1900-01-01T00:00:00.000",,,,"Not Applicable",,,,"2025-10-22T06:00:14.000",,"40.74812775132","-73.939573261808","402","26","001900","4000000","4004320003","QN31","POINT (-73.939573261808 40.74812775132)"
"50176398","MELT SHOP","Manhattan","352","PARK AVENUE SOUTH","10010","2159970667",,"1900-01-01T00:00:00.000",,,,"Not Applicable",,,,"2025-10-22T06:00:14.000",,"40.741752906188","-73.985229477097","105","02","005600","1016745","1008550016","MN13","POINT (-73.985229477097 40.741752906188)"
"50155219","MOROCCAN BITES","Queens","3708","28TH AVE","11103","9172922257",,"1900-01-01T00:00:00.000",,,,"Not Applicable",,,,"2025-10-22T06:00:14.000",,"40.766139867803","-73.915138440855","401","22","006502","4010706","4006610019","QN70","POINT (-73.915138440855 40.766139867803)"
"50174179","ROMAINE EMPIRE INC","Bronx","111","EAST  210 STREET","10467","3122290099",,"1900-01-01T00:00:00.000",,,,"Not Applicable",,,,"2025-10-22T06:00:14.000",,"40.879878631338","-73.880479157235","207","11","042100","2096399","2033270001","BX43","POINT (-73.880479157235 40.879878631338)"
"50148655","CANTINA LA 87","Queens","8701","NORTHERN BLVD","11372","4077502423",,"1900-01-01T00:00:00.000",,,,"Not Applicable",,,,"2025-10-22T06:00:14.000",,"40.756063290823","-73.880583064368","403","25","033900","4034811","4014170047","QN28","POINT (-73.880583064368 40.756063290823)"
"50177574","METATE RESTAURANT GROUP LLC","Bronx","600","BERGEN AVENUE","10455","3472701476",,"1900-01-01T00:00:00.000",,,,"Not Applicable",,,,"2025-10-22T06:00:14.000",,"40.816742226667","-73.915297660493","201","17","007100","2127129","2023617501","BX34","POINT (-73.915297660493 40.816742226667)"
"50170986","A&J ASSOCIATED CORP","Brooklyn","1882","FULTON STREET","11233","3476817176",,"1900-01-01T00:00:00.000",,,,"Not Applicable",,,,"2025-10-22T06:00:14.000",,"40.678999874582","-73.92426305556","303","41","029900","3399547","3017040010","BK61","POINT (-73.92426305556 40.678999874582)"
"50172790","KAWSAR SWEET HOUSE LLC","Queens","7806","101ST AVE","11416","3475896919",,"1900-01-01T00:00:00.000",,,,"Not Applicable",,,,"2025-10-22T06:00:14.000",,"40.680426394148","-73.859450773035","409","32","004401","4188764","4090790035","QN56","POINT (-73.859450773035 40.680426394148)"
"50173603","ALL BURU","Brooklyn","64","LAFAYETTE AVENUE","11217","9293696565",,"1900-01-01T00:00:00.000",,,,"Not Applicable",,,,"2025-10-22T06:00:14.000",,"40.687094632588","-73.975365458994","302","35","003500","3059298","3021160012","BK68","POINT (-73.975365458994 40.687094632588)"
"50167960","NEUHAUS INC","Manhattan","4","PENN PLZ","10121","6466413694",,"1900-01-01T00:00:00.000",,,,"Not Applicable",,,,"2025-10-22T06:00:14.000",,"40.750654836632","-73.991944239076","105","03","010100","1082908","1007810001","MN17","POINT (-73.991944239076 40.750654836632)"
"50063280","ENZO'S OF ARTHUR AVE","Bronx",,"ARTHUR AVE","10458","7187334455","Italian","2025-05-28T00:00:00.000","Violations were cited in the following area(s).","09E","Wash hands sign not posted near or above hand washing sink.","Not Critical","36",,,"2025-10-22T06:00:09.000","Cycle Inspection / Initial Inspection",,,,,,,,,
"50049514","BRASS RIZ & GRILL EXPRESS","Queens","227-02/08","LINDEN BLVD",,"9175570106","Creole","2023-06-22T00:00:00.000","Violations were cited in the following area(s).","02B","Hot TCS food item not held at or above 140 °F.","Critical","78",,,"2025-10-22T06:00:09.000","Cycle Inspection / Initial Inspection","0","0",,,,,"4",,
"50171409","WU JIA YOU TIAN SWEETNESS INC.","Queens","4005","SKILLMAN AVE","11104","9296715566",,"1900-01-01T00:00:00.000",,,,"Not Applicable",,,,"2025-10-22T06:00:14.000",,"40.747195864681","-73.923416505935","402","26","017100","4002375","4001830292","QN31","POINT (-73.923416505935 40.747195864681)"
"50166912","EKO","Brooklyn","11010","FLATLANDS AVENUE","11207","3478563985",,"1900-01-01T00:00:00.000",,,,"Not Applicable",,,,"2025-10-22T06:00:14.000",,"40.650185867823","-73.891054827852","318","42","105804","3387550","3082350048","BK93","POINT (-73.891054827852 40.650185867823)"
"50178036","KOREAN FUSION ENTERPRISES, INC.","Queens","41-04","162 STREET","11358","9172754744",,"1900-01-01T00:00:00.000",,,,"Not Applicable",,,,"2025-10-22T06:00:14.000",,"40.761197592995","-73.803880195917","407","20","117100","4120428","4053340017","QN51","POINT (-73.803880195917 40.761197592995)"
"50166045","SALTED INC.","Brooklyn","356","DEVOE STREET","11211","3237846694",,"1900-01-01T00:00:00.000",,,,"Not Applicable",,,,"2025-10-22T06:00:14.000",,"40.713747613266","-73.935986521997","301","34","048100","3332345","3029240019","BK90","POINT (-73.935986521997 40.713747613266)"
"50170466","WEST AFRICAN CUISINE CORPORATION","Manhattan","62","EAST  116 STREET","10029","3472150843",,"1900-01-01T00:00:00.000",,,,"Not Applicable",,,,"2025-10-22T06:00:14.000",,"40.799715048822","-73.944239759814","111","08","018400","1051663","1016210145","MN34","POINT (-73.944239759814 40.799715048822)"
"50067032","TAQUERIA ON TENTH","Manhattan",,"10TH AVE","10001","2126958080","American","2024-12-04T00:00:00.000","Violations were cited in the following area(s).","10G","Dishwashing and ware washing: Cleaning and sanitizing of tableware, including dishes, utensils, and equipment deficient.","Not Critical","18",,,"2025-10-22T06:00:09.000","Cycle Inspection / Initial Inspection",,,,,,,,,
"50174351","12 CHAIRS SHUK LLC","Manhattan","41","WEST   42 STREET","10036","9292178365",,"1900-01-01T00:00:00.000",,,,"Not Applicable",,,,"2025-10-22T06:00:14.000",,"40.754073724489","-73.982292294107","105","04","009600","1034196","1012580009","MN17","POINT (-73.982292294107 40.754073724489)"
"50118825","PACIFIC BK NYC","Brooklyn","1065","PACIFIC STREET","11238","3476327578",,"1900-01-01T00:00:00.000",,,,"Not Applicable",,,,"2025-10-22T06:00:14.000",,"40.678923865659","-73.957962027654","308","35","030500","3255799","3011260086","BK61","POINT (-73.957962027654 40.678923865659)"
"50169794","EXPRESS CAFFE","Staten Island","960","BLOOMINGDALE ROAD","10309","9176580327",,"1900-01-01T00:00:00.000",,,,"Not Applicable",,,,"2025-10-22T06:00:14.000",,"40.549279701971","-74.220921016917","503","51","022600","5136151","5071040020","SI11","POINT (-74.220921016917 40.549279701971)"
"50172698","ADOBO MEXICAN GRILL","Bronx","352","EAST  149 STREET","10451","5167849844",,"1900-01-01T00:00:00.000",,,,"Not Applicable",,,,"2025-10-22T06:00:14.000",,"40.816649508079","-73.919965524794","201","17","006500","2097043","2023300039","BX34","POINT (-73.919965524794 40.816649508079)"
"50156690","LAMOON INC","Queens","8140","BROADWAY","11373","9177451168",,"1900-01-01T00:00:00.000",,,,"Not Applicable",,,,"2025-10-22T06:00:14.000",,"40.743163079995","-73.883424754715","404","25","048100","4038194","4015277502","QN29","POINT (-73.883424754715 40.743163079995)"
"50162901","JABA NYC RESTAURANT","Manhattan","230","EAST   58 STREET","10022","9172177894",,"1900-01-01T00:00:00.000",,,,"Not Applicable",,,,"2025-10-22T06:00:14.000",,"40.760566966174","-73.966227168261","106","04","010800","1038611","1013310034","MN19","POINT (-73.966227168261 40.760566966174)"
"50018553","TEXAS FRIED CHICKEN","Manhattan","2144","8 AVENUE","10026","6468640914","Chicken","2023-08-09T00:00:00.000","No violations were recorded at the time of this inspection.",,,"Not Applicable","0",,,"2025-10-22T06:00:11.000","Cycle Inspection / Initial Inspection","40.804204886391","-73.955509433435","110","09","021800","1055253","1018310161","MN11","POINT (-73.955509433435 40.804204886391)"
"50131498","PRINCIPE","Manhattan","450","WEST BROADWAY","10012","9172174441",,"1900-01-01T00:00:00.000",,,,"Not Applicable",,,,"2025-10-22T06:00:14.000",,"40.726045567475","-74.000674672425","102","01","004900","1087556","1005160037","MN24","POINT (-74.000674672425 40.726045567475)"
"50170934","ARABICA","Manhattan","37","WEST   54 STREET","10019","5105041857",,"1900-01-01T00:00:00.000",,,,"Not Applicable",,,,"2025-10-22T06:00:14.000",,"40.761593362017","-73.976684256964","105","04","010400","1034790","1012700013","MN17","POINT (-73.976684256964 40.761593362017)"
"50152504","TUMBAO","Manhattan","20","ORCHARD STREET","10002","3475939853",,"1900-01-01T00:00:00.000",,,,"Not Applicable",,,,"2025-10-22T06:00:14.000",,"40.715370863648","-73.991631078177","103","01","001600","1003840","1002980004","MN27","POINT (-73.991631078177 40.715370863648)"
"50108278","120 ORCHARD BAR LLC","Manhattan","120","ORCHARD STREET","10002","1914906246",,"1900-01-01T00:00:00.000",,,,"Not Applicable",,,,"2025-10-22T06:00:14.000",,"40.719441183278","-73.989541813883","103","01","001800","1005302","1004100001","MN27","POINT (-73.989541813883 40.719441183278)"
"50163454","TILIA LA CASITA AZUL","Bronx","3648","BAILEY AVENUE","10463","9292224968",,"1900-01-01T00:00:00.000",,,,"Not Applicable",,,,"2025-10-22T06:00:14.000",,"40.883466888572","-73.898554944799","208","11","027900","2015988","2032620071","BX28","POINT (-73.898554944799 40.883466888572)"
"50112010","PANDA ABC","Brooklyn","4621","AVENUE D","11203","7186293032","Chinese","2023-06-20T00:00:00.000","Violations were cited in the following area(s).","09B","Thawing procedure improper.","Not Critical","21",,,"2025-10-22T06:00:09.000","Cycle Inspection / Initial Inspection","40.641912337097","-73.9329496509","317","45","084000","3112290","3049630041","BK91","POINT (-73.9329496509 40.641912337097)"
"50120090","ELYSIUM RESTAURANT & LOUNGE","Bronx","4371","3 AVENUE","10457","3477925571",,"1900-01-01T00:00:00.000",,,,"Not Applicable",,,,"2025-10-22T06:00:14.000",,"40.850471325283","-73.894213659969","206","15","039500","2011468","2030450034","BX01","POINT (-73.894213659969 40.850471325283)"
"50160673","SHOSHIN","Manhattan","68","THOMPSON STREET","10012","2039978188",,"1900-01-01T00:00:00.000",,,,"Not Applicable",,,,"2025-10-22T06:00:14.000",,"40.724362987298","-74.00304136064","102","01","004700","1007324","1004880008","MN24","POINT (-74.00304136064 40.724362987298)"
"50162602","EL NUEVO SANCHOS OF BAYRIDGE INC.","Brooklyn","6920","3 AVENUE","11209","9293400681",,"1900-01-01T00:00:00.000",,,,"Not Applicable",,,,"2025-10-22T06:00:14.000",,"40.635478737354","-74.026150273804","310","43","006800","3145627","3058710053","BK31","POINT (-74.026150273804 40.635478737354)"
"50166375","AMBER ROOM","Manhattan","55","WEST   21 STREET","10010","6462504607",,"1900-01-01T00:00:00.000",,,,"Not Applicable",,,,"2025-10-22T06:00:14.000",,"40.740990550077","-73.992234106995","105","03","005800","1015523","1008230009","MN13","POINT (-73.992234106995 40.740990550077)"
"50107047","KING BARKA","Manhattan","2733","FREDERICK DOUGLASS BOULEVARD",,"3476418572","Caribbean","2024-03-19T00:00:00.000","No violations were recorded at the time of this inspection.",,,"Not Applicable",,,,"2025-10-22T06:00:09.000","Administrative Miscellaneous / Re-inspection","0","0",,,,,"1",,
"50164566","SZECHWAN STONE MOUNTAIN INC.","Queens","13316","39TH AVE","11354","9544717327",,"1900-01-01T00:00:00.000",,,,"Not Applicable",,,,"2025-10-22T06:00:14.000",,"40.759087982554","-73.83417524265","407","20","087100","4540690","4049730113","QN22","POINT (-73.83417524265 40.759087982554)"
"50174476","NO.1 FLOWER DRUM HOUSE  INC","Queens","7718","21ST AVE","11370","7189165594",,"1900-01-01T00:00:00.000",,,,"Not Applicable",,,,"2025-10-22T06:00:14.000",,"40.770529039028","-73.892564870289","401","22","031700","4021463","4009730001","QN72","POINT (-73.892564870289 40.770529039028)"
"50176757","NEW DOUGIES JAMAICAN KITCHEN INC","Brooklyn","9604","AVENUE L","11236","3477027190",,"1900-01-01T00:00:00.000",,,,"Not Applicable",,,,"2025-10-22T06:00:14.000",,"40.638305408752","-73.895841219503","318","46","101000","3232787","3082610037","BK50","POINT (-73.895841219503 40.638305408752)"
"50175978","MATTER","Manhattan","170","CROSBY STREET","10012","9177239134",,"1900-01-01T00:00:00.000",,,,"Not Applicable",,,,"2025-10-22T06:00:14.000",,"40.725952147938","-73.995223181634","102","02","005502","1008213","1005220012","MN23","POINT (-73.995223181634 40.725952147938)"
"50152083","BILLIE'S","Manhattan","1167","2 AVENUE","10065","6463092326",,"1900-01-01T00:00:00.000",,,,"Not Applicable",,,,"2025-10-22T06:00:14.000",,"40.76213879279","-73.963233813411","108","04","011000","1043796","1014160024","MN31","POINT (-73.963233813411 40.76213879279)"
"50174900","L'ORA DELLA PIZZA CORP","Manhattan","2166","FREDERICK DOUGLASS BOULEVARD",,"9146356492",,"1900-01-01T00:00:00.000",,,,"Not Applicable",,,,"2025-10-22T06:00:14.000",,"0","0",,,,,"1",,
"50167587","TAQUERIA ATLIXCO INC.","Bronx","800","EAST  149 STREET","10455","3476069624",,"1900-01-01T00:00:00.000",,,,"Not Applicable",,,,"2025-10-22T06:00:14.000",,"40.81268966085","-73.906517017047","201","08","003500","2003957","2025810024","BX39","POINT (-73.906517017047 40.81268966085)"
"50084602","SAN MARCOS CAFE","Bronx","949 A&B","WESTCHESTER AVE",,"9176881846","Latin American","2023-04-24T00:00:00.000","Violations were cited in the following area(s).","04A","Food Protection Certificate (FPC) not held by manager or supervisor of food operations.","Critical","24","B","2023-04-24T00:00:00.000","2025-10-22T06:00:09.000","Cycle Inspection / Re-inspection","0","0",,,,,"2",,
"40396622","MEDITERRANEO","Manhattan","1260","2 AVENUE","10065","2127347407","Italian","2025-06-27T00:00:00.000","Establishment re-opened by DOHMH.",,,"Not Applicable","0","Z","2025-06-27T00:00:00.000","2025-10-22T06:00:09.000","Cycle Inspection / Reopening Inspection","40.765072225292","-73.961069799916","108","05","011800","1044738","1014417501","MN31","POINT (-73.961069799916 40.765072225292)"
"50160484","BAOBAO SLIDER","Manhattan","W","59TH STREET COLUMBUS CIRCLE","10023","6466372137",,"1900-01-01T00:00:00.000",,,,"Not Applicable",,,,"2025-10-22T06:00:14.000",,,,,,,,,,
"50176609","UNCHIN CHIN, INC","Bronx","2276","ARTHUR AVENUE","10457","6462106569",,"1900-01-01T00:00:00.000",,,,"Not Applicable",,,,"2025-10-22T06:00:14.000",,"40.852265066358","-73.889891170477","206","15","039100","2109922","2030710008","BX06","POINT (-73.889891170477 40.852265066358)"
"50175872","CHOP'T","Manhattan","370","GREENWICH STREET","10013","6463740384",,"1900-01-01T00:00:00.000",,,,"Not Applicable",,,,"2025-10-22T06:00:14.000",,"40.719699209356","-74.010259812663","101","01","003900","1086183","1001420025","MN24","POINT (-74.010259812663 40.719699209356)"
"50176226","GOTHAM SPEAKEASY","Queens","4","Terminal JFK International Airport,","11430","7037237264",,"1900-01-01T00:00:00.000",,,,"Not Applicable",,,,"2025-10-22T06:00:14.000",,"40.648312826068","-73.788281497594","483","31","071600","4542179","4142600001","QN98","POINT (-73.788281497594 40.648312826068)"
"50148768","SCORCH BAR AND GRILL","Brooklyn","3148","FULTON STREET","11208","7186628952",,"1900-01-01T00:00:00.000",,,,"Not Applicable",,,,"2025-10-22T06:00:14.000",,"40.681774136914","-73.878726388717","305","37","117400","3092585","3041370019","BK83","POINT (-73.878726388717 40.681774136914)"
"50161823","BEL FRIES FOODS LLC.","Manhattan","42","BROADWAY","10004","6465991401",,"1900-01-01T00:00:00.000",,,,"Not Applicable",,,,"2025-10-22T06:00:14.000",,"40.706263297358","-74.012908734166","101","01","000900","1000812","1000220020","MN25","POINT (-74.012908734166 40.706263297358)"
"50144661","LAKAY LOUNGE","Brooklyn","2123","CATON AVENUE","11226","9174729105",,"1900-01-01T00:00:00.000",,,,"Not Applicable",,,,"2025-10-22T06:00:14.000",,"40.652791471847","-73.959737259455","314","40","050803","3397264","3050630058","BK42","POINT (-73.959737259455 40.652791471847)"
"50001285","Y & B ENTERTAINMENT MANOR","Queens","3509","PRINCE STRRET",,"7188881778","Korean","2018-06-24T00:00:00.000","Violations were cited in the following area(s).","15F6","Workplace SFAA policy not prominently posted in workplace","Not Applicable",,,,"2025-10-22T06:00:09.000","Smoke-Free Air Act / Initial Inspection","0","0",,,,,"4",,
"50154813","KAPPO SONO","Manhattan","39","EAST   13 STREET","10003","6468995891",,"1900-01-01T00:00:00.000",,,,"Not Applicable",,,,"2025-10-22T06:00:14.000",,"40.734394861981","-73.991931779136","102","02","006100","1009213","1005650002","MN23","POINT (-73.991931779136 40.734394861981)"
"50161022","EARTH CRUMBL LLC","Manhattan","42","WEST   42 STREET","10036","9172315259",,"1900-01-01T00:00:00.000",,,,"Not Applicable",,,,"2025-10-22T06:00:14.000",,"40.754068239421","-73.982321170752","105","04","008400","1085593","1012570002","MN17","POINT (-73.982321170752 40.754068239421)"
"50162787","CHOCOLATE ON TAP","Manhattan","1","HERALD SQUARE","10001","5167323754",,"1900-01-01T00:00:00.000",,,,"Not Applicable",,,,"2025-10-22T06:00:14.000",,"40.750541907818","-73.987541021756","105","04","010900","1089436","1008100045","MN17","POINT (-73.987541021756 40.750541907818)"
"50163293","ROLLIK LLC","Manhattan","245","WEST   46 STREET","10036","6466424647",,"1900-01-01T00:00:00.000",,,,"Not Applicable",,,,"2025-10-22T06:00:14.000",,"40.759204256088","-73.986535905027","105","03","012500","1024737","1010180006","MN17","POINT (-73.986535905027 40.759204256088)"
"50170699","PHO VITAL","Queens","2717","42ND RD","11101","9178926918",,"1900-01-01T00:00:00.000",,,,"Not Applicable",,,,"2025-10-22T06:00:14.000",,"40.749305637098","-73.940304844559","402","26","001900","4539113","4004227501","QN31","POINT (-73.940304844559 40.749305637098)"
"50144543","LIMONCITO CON RON BAR & GRILL","Queens","8601","NORTHERN BLVD","11372","3477203037",,"1900-01-01T00:00:00.000",,,,"Not Applicable",,,,"2025-10-22T06:00:14.000",,"40.755965441173","-73.881510883014","403","25","033700","4034750","4014160047","QN28","POINT (-73.881510883014 40.755965441173)"
"50165527","UPSIDE PIZZA","Manhattan","2878","BROADWAY","10025","9175878888",,"1900-01-01T00:00:00.000",,,,"Not Applicable",,,,"2025-10-22T06:00:14.000",,"40.805347488536","-73.965821467268","109","07","019900","1056988","1018830059","MN09","POINT (-73.965821467268 40.805347488536)"
"50165995","ENSO OMAKASE","Manhattan","117","BERRY ST",,"7183847288",,"1900-01-01T00:00:00.000",,,,"Not Applicable",,,,"2025-10-22T06:00:14.000",,"0","0",,,,,"1",,
"50032708","STARBUCKS","Queens","JFK","INTL AIRPORT","11430","7186790452","Coffee/Tea","2024-08-28T00:00:00.000","No violations were recorded at the time of this inspection.",,,"Not Applicable","0","A","2024-08-28T00:00:00.000","2025-10-22T06:00:09.000","Cycle Inspection / Initial Inspection",,,,,,,,,
"50163409","BELA AURORA BRAZILIAN COFFEE","Queens","3230","STEINWAY ST","11103","7186858085",,"1900-01-01T00:00:00.000",,,,"Not Applicable",,,,"2025-10-22T06:00:14.000",,"40.758290295728","-73.919559446415","401","22","015500","4010416","4006560049","QN70","POINT (-73.919559446415 40.758290295728)"
"50174071","Sobol","Queens","3922","BELL BLVD","11361","3472135821",,"1900-01-01T00:00:00.000",,,,"Not Applicable",,,,"2025-10-22T06:00:14.000",,"40.764986308716","-73.771729146873","411","19","112300","4137547","4062370018","QN46","POINT (-73.771729146873 40.764986308716)"
"50166521","FORTUNA","Manhattan","275","1 AVENUE","10003","8182620660",,"1900-01-01T00:00:00.000",,,,"Not Applicable",,,,"2025-10-22T06:00:14.000",,"40.732472337326","-73.981616102436","106","02","004800","1020426","1009220025","MN21","POINT (-73.981616102436 40.732472337326)"
"50175394","MARLOW EVENTS","Brooklyn","301","COLUMBIA STREET","11231","7184867091",,"1900-01-01T00:00:00.000",,,,"Not Applicable",,,,"2025-10-22T06:00:14.000",,"40.68190408953","-74.004193169238","306","39","005100","3005008","3003580003","BK33","POINT (-74.004193169238 40.68190408953)"
"50166006","BATHHOUSE","Brooklyn","103","NORTH   10 STREET","11249","9143845909",,"1900-01-01T00:00:00.000",,,,"Not Applicable",,,,"2025-10-22T06:00:14.000",,"40.720655318805","-73.95780212328","301","33","055700","3329929","3022967501","BK73","POINT (-73.95780212328 40.720655318805)"
"50177364","GUAC TIME","Bronx","205","EAST FORDHAM ROAD","10458","9174070519",,"1900-01-01T00:00:00.000",,,,"Not Applicable",,,,"2025-10-22T06:00:14.000",,"40.862402187423","-73.896689167244","207","15","039901","2013607","2031540001","BX05","POINT (-73.896689167244 40.862402187423)"
"50161515","SMØR CLINTON HILL","Brooklyn","26","PUTNAM AVENUE","11238","7187100819",,"1900-01-01T00:00:00.000",,,,"Not Applicable",,,,"2025-10-22T06:00:14.000",,"40.682762110774","-73.960926944567","302","35","022700","3335085","3019910019","BK69","POINT (-73.960926944567 40.682762110774)"
"50149726","BAR PRIMI","Manhattan","349","WEST   33 STREET","10001","2122209100",,"1900-01-01T00:00:00.000",,,,"Not Applicable",,,,"2025-10-22T06:00:14.000",,"40.752115237573","-73.995344014211","104","03","010300","1013553","1007570054","MN13","POINT (-73.995344014211 40.752115237573)"
"50165983","ARTURO’S PIZZA & PASTA","Bronx","5189","BROADWAY","10463","9178594452",,"1900-01-01T00:00:00.000",,,,"Not Applicable",,,,"2025-10-22T06:00:14.000",,"40.874377748672","-73.910121843831","208","10","030900","1064668","2022150528","MN01","POINT (-73.910121843831 40.874377748672)"
"50135922","RUN DA JAPANESE","Manhattan","42","WEST   38 STREET","10018","9178436969",,"1900-01-01T00:00:00.000",,,,"Not Applicable",,,,"2025-10-22T06:00:14.000",,"40.751546072159","-73.984151737711","105","04","008400","1015981","1008390070","MN17","POINT (-73.984151737711 40.751546072159)"
"50152703","MIDNIGHT BLUE","Manhattan","106","EAST   19 STREET","10003","3476218425",,"1900-01-01T00:00:00.000",,,,"Not Applicable",,,,"2025-10-22T06:00:14.000",,"40.737353298255","-73.987298120145","105","02","005000","1017905","1008740073","MN21","POINT (-73.987298120145 40.737353298255)"
"50152777","ORION BAR","Brooklyn","159 B","CENTRAL AVE",,"8183378510",,"1900-01-01T00:00:00.000",,,,"Not Applicable",,,,"2025-10-22T06:00:14.000",,"0","0",,,,,"3",,
"50177235","201 COURT STREET LLC","Brooklyn","201","COURT STREET","11201","6466960257",,"1900-01-01T00:00:00.000",,,,"Not Applicable",,,,"2025-10-22T06:00:14.000",,"40.687253548963","-73.993527648368","302","33","006900","3005711","3003840002","BK38","POINT (-73.993527648368 40.687253548963)"
"50165431","AL BADAWI","Manhattan","1725","2 AVENUE","10128","7189125358",,"1900-01-01T00:00:00.000",,,,"Not Applicable",,,,"2025-10-22T06:00:14.000",,"40.779999498113","-73.950206947015","108","05","015400","1048891","1015350021","MN32","POINT (-73.950206947015 40.779999498113)"
"50164986","FREEDOM STREET EATS INCORPORATED","Brooklyn","1758","WEST    2 STREET","11223","9172040443",,"1900-01-01T00:00:00.000",,,,"Not Applicable",,,,"2025-10-22T06:00:14.000",,"40.605308394666","-73.975327328097","311","44","041200","3344743","3066540030","BK29","POINT (-73.975327328097 40.605308394666)"
"50174272","FOOOOD LLC","Manhattan","89B","CANAL ST","10002","6314136989",,"1900-01-01T00:00:00.000",,,,"Not Applicable",,,,"2025-10-22T06:00:14.000",,"40.715395689333","-73.993528512347","103","01","001600",,"1","MN27","POINT (-73.993528512347 40.715395689333)"
"50161953","NAYA GRAND CENTRAL LLC","Manhattan","33","EAST   47 STREET","10017","2122603333",,"1900-01-01T00:00:00.000",,,,"Not Applicable",,,,"2025-10-22T06:00:14.000",,"40.755843080776","-73.976628525569","105","04","009400","1091010","1012830021","MN17","POINT (-73.976628525569 40.755843080776)"
"50148945","SMASHBURGERS AND WINGS BY CARACAS GRILL (KIOSK)","Manhattan","20","UNION SQUARE WEST","10003","7865870740",,"1900-01-01T00:00:00.000",,,,"Not Applicable",,,,"2025-10-22T06:00:14.000",,"40.736609791786","-73.990679378381","105","02","005200","1016108","1008450002","MN13","POINT (-73.990679378381 40.736609791786)"
"50177323","SUMP COFFEE","Brooklyn","347A","BEDFORD AVENUE","11211","9177030480",,"1900-01-01T00:00:00.000",,,,"Not Applicable",,,,"2025-10-22T06:00:14.000",,"40.712049465005","-73.962832301974","301","34","055100","3342036","3024310001","BK73","POINT (-73.962832301974 40.712049465005)"
"50106041","Alfa Kitchen","Bronx","64","EAST  183 STREET","10453","3474498515",,"1900-01-01T00:00:00.000",,,,"Not Applicable",,,,"2025-10-22T06:00:14.000",,"40.858265431015","-73.902461664947","205","14","023900","2013992","2031820031","BX40","POINT (-73.902461664947 40.858265431015)"
"50162196","CLUB BILLAR LA BESTIA","Bronx","2301","JEROME AVENUE","10468","3477014002",,"1900-01-01T00:00:00.000",,,,"Not Applicable",,,,"2025-10-22T06:00:14.000",,"40.859136337283","-73.903440081331","207","14","023900","2014286","2031980105","BX40","POINT (-73.903440081331 40.859136337283)"
"50161069","WOOPS!","Manhattan","151","WEST   34 STREET","10001","6318486659",,"1900-01-01T00:00:00.000",,,,"Not Applicable",,,,"2025-10-22T06:00:14.000",,"40.750509164767","-73.989479170444","105","03","010900","1015219","1008100001","MN17","POINT (-73.989479170444 40.750509164767)"
"50156339","SAN MATTEO GELATO LLC","Manhattan","1731","2 AVENUE","10128","9174357736",,"1900-01-01T00:00:00.000",,,,"Not Applicable",,,,"2025-10-22T06:00:14.000",,"40.780147669306","-73.950102122087","108","05","015400","1048894","1015350024","MN32","POINT (-73.950102122087 40.780147669306)"
"50153223","PIZZA BLOCK","Brooklyn","1824","AVENUE M","11230","7188842222",,"1900-01-01T00:00:00.000",,,,"Not Applicable",,,,"2025-10-22T06:00:14.000",,"40.618368026274","-73.956649549837","314","44","053800","3181078","3067470007","BK43","POINT (-73.956649549837 40.618368026274)"
"50177203","LACEY BURGER","Brooklyn","1329","WILLOUGHBY AVENUE","11237","9179304066",,"1900-01-01T00:00:00.000",,,,"Not Applicable",,,,"2025-10-22T06:00:14.000",,"40.706017271043","-73.921061875736","304","34","044700","3072801","3032000035","BK77","POINT (-73.921061875736 40.706017271043)"
"50172175","NO PLATES COFFEE LLC","Manhattan","12","JOHN STREET","10038","7187757690",,"1900-01-01T00:00:00.000",,,,"Not Applicable",,,,"2025-10-22T06:00:14.000",,"40.709996550054","-74.009100465865","101","01","001502","1001103","1000650020","MN25","POINT (-74.009100465865 40.709996550054)"
"50176823","RAISING CANE'S #1271","Queens","7028","AUSTIN ST","11375","9727693100",,"1900-01-01T00:00:00.000",,,,"Not Applicable",,,,"2025-10-22T06:00:14.000",,"40.720611923178","-73.84606093149","406","29","071100","4077471","4032340183","QN17","POINT (-73.84606093149 40.720611923178)"
"50177902","ARTHOUSE","Brooklyn","2717","AVENUE U","11229","9173302724",,"1900-01-01T00:00:00.000",,,,"Not Applicable",,,,"2025-10-22T06:00:14.000",,"40.600140146742","-73.944500701719","315","46","057400","3198780","3073320048","BK44","POINT (-73.944500701719 40.600140146742)"
"50170510","1ST AVE PIZZA INC.","Bronx","12","EAST FORDHAM ROAD","10468","5513581106",,"1900-01-01T00:00:00.000",,,,"Not Applicable",,,,"2025-10-22T06:00:14.000",,"40.862655616313","-73.900842770251","205","14","023900","2014101","2031880033","BX40","POINT (-73.900842770251 40.862655616313)"
"50166144","KIMMI","Manhattan","125","CANAL STREET","10002","9178539622",,"1900-01-01T00:00:00.000",,,,"Not Applicable",,,,"2025-10-22T06:00:14.000",,"40.715909040079","-73.995126506458","103","01","001600","1003917","1003030035","MN27","POINT (-73.995126506458 40.715909040079)"
"50173797","EARTHBAR","Manhattan","129","WEST   41 STREET","10036","6467070099",,"1900-01-01T00:00:00.000",,,,"Not Applicable",,,,"2025-10-22T06:00:14.000",,"40.754617654482","-73.985638088231","105","04","011300","1090617","1009947501","MN17","POINT (-73.985638088231 40.754617654482)"
"50177795","SAVINO COFFEE LLC","Brooklyn","171","SOUTH    4 STREET","11211","2012101654",,"1900-01-01T00:00:00.000",,,,"Not Applicable",,,,"2025-10-22T06:00:14.000",,"40.711283144186","-73.961231190887","301","34","052300","3063294","3024320040","BK73","POINT (-73.961231190887 40.711283144186)"
"50166565","DREAMING UP SWEETS","Queens","903","44TH RD","11101","6318273291",,"1900-01-01T00:00:00.000",,,,"Not Applicable",,,,"2025-10-22T06:00:14.000",,"40.74977492901","-73.951853749496","402","26","001900","4005252","4004510001","QN31","POINT (-73.951853749496 40.74977492901)"
"50174526","SCHUAN KITCHEN INC.","Staten Island","302","NEW DORP LANE","10306","9298558850",,"1900-01-01T00:00:00.000",,,,"Not Applicable",,,,"2025-10-22T06:00:14.000",,"40.571881944992","-74.112430882083","502","50","013400","5057564","5042190064","SI45","POINT (-74.112430882083 40.571881944992)"
"50160141","ROBERT CHICKEN","Manhattan","298","5 AVENUE","10001","7186873687",,"1900-01-01T00:00:00.000",,,,"Not Applicable",,,,"2025-10-22T06:00:14.000",,"40.74644105997","-73.986026018869","105","04","007600","1015791","1008320047","MN17","POINT (-73.986026018869 40.74644105997)"
"50037907","BARRILES","Queens",,"37TH AVE","11372","3476491511","Latin American","2025-08-07T00:00:00.000","Violations were cited in the following area(s).","10G","Dishwashing and ware washing: Cleaning and sanitizing of tableware, including dishes, utensils, and equipment deficient.","Not Critical","38","C","2025-08-07T00:00:00.000","2025-10-22T06:00:09.000","Cycle Inspection / Re-inspection",,,,,,,,,
"50160900","JUST HOTDOGS","Brooklyn","1775","CONEY ISLAND AVENUE","11230","9297644404",,"1900-01-01T00:00:00.000",,,,"Not Applicable",,,,"2025-10-22T06:00:14.000",,"40.614028045568","-73.96312840963","314","48","054200","3429339","3067490078","BK43","POINT (-73.96312840963 40.614028045568)"
"41645519","NICK'S PIZZA","Bronx","1356","EAST GUN HILL ROAD","10469","7186526500","Pizza","2024-11-04T00:00:00.000","Violations were cited in the following area(s).","02B","Hot TCS food item not held at or above 140 °F.","Critical","27",,,"2025-10-22T06:00:09.000","Cycle Inspection / Initial Inspection","40.870368405424","-73.846078096595","211","12","035000","2055371","2045640068","BX31","POINT (-73.846078096595 40.870368405424)"
"50174362","WALTER'S GOOD EATS","Manhattan","2839","FREDERICK DOUGLASS BOULEVARD",,"9179811140",,"1900-01-01T00:00:00.000",,,,"Not Applicable",,,,"2025-10-22T06:00:14.000",,"0","0",,,,,"1",,
"50115781","HK HALL","Manhattan","605","WEST   48 STREET","10036","2129571800",,"1900-01-01T00:00:00.000",,,,"Not Applicable",,,,"2025-10-22T06:00:14.000",,"40.764782321065","-73.995902672239","104","03","012900","1027129","1010960026","MN15","POINT (-73.995902672239 40.764782321065)"
"50128307","HAVELI INDIAN RESTAURANT & LOUNGE","Queens","24801-03","UNION TPKE",,"3479339656","Indian","2022-10-19T00:00:00.000","Violations were cited in the following area(s).","09E","Wash hands sign not posted near or above hand washing sink.","Not Critical","28",,,"2025-10-22T06:00:09.000","Pre-permit (Non-operational) / Initial Inspection","0","0",,,,,"4",,
"50145538","BEST WOK NO1","Brooklyn","3411A","AVENUE H",,"7184349785","Chinese","2024-02-29T00:00:00.000","Violations were cited in the following area(s).","09B","Thawing procedure improper.","Not Critical","12","A","2024-02-29T00:00:00.000","2025-10-22T06:00:09.000","Pre-permit (Operational) / Initial Inspection","0","0",,,,,"3",,
"50134449","MA LILLIT","Brooklyn","352","MALCOLM X BOULEVARD","11233","7188779595",,"1900-01-01T00:00:00.000",,,,"Not Applicable",,,,"2025-10-22T06:00:14.000",,"40.680811496181","-73.928648784517","303","36","029700","3047819","3016860046","BK61","POINT (-73.928648784517 40.680811496181)"
"50161000","BUBALU BAR & LOUNGE","Brooklyn","2943","FULTON STREET","11207","7185843333",,"1900-01-01T00:00:00.000",,,,"Not Applicable",,,,"2025-10-22T06:00:14.000",,"40.679487052708","-73.886085475097","305","37","117201","3087661","3039390032","BK83","POINT (-73.886085475097 40.679487052708)"
"50171354","JERK KING RESTAURANT LLC","Queens","1330","BEACH CHANNEL DR","11691","7183089701",,"1900-01-01T00:00:00.000",,,,"Not Applicable",,,,"2025-10-22T06:00:14.000",,"40.606047617308","-73.754811603076","414","31","103201","4531902","4155280112","QN15","POINT (-73.754811603076 40.606047617308)"
"50175006","98K CHICKEN & BURGERS","Brooklyn","7002","FORT HAMILTON PARKWAY","11228","5162669898",,"1900-01-01T00:00:00.000",,,,"Not Applicable",,,,"2025-10-22T06:00:14.000",,"40.628127713224","-74.012983627048","310","38","013200","3146781","3058960045","BK30","POINT (-74.012983627048 40.628127713224)"
"50147195","INTERLUDE ROOFTOP LOUNGE","Manhattan","154","WEST   48 STREET","10105","9175847865",,"1900-01-01T00:00:00.000",,,,"Not Applicable",,,,"2025-10-22T06:00:14.000",,"40.759272385628","-73.982864845946","105","04","012500","1091592","1010007502","MN17","POINT (-73.982864845946 40.759272385628)"
"50128808","FIVE ACRES","Manhattan","30","ROCKEFELLER PLAZA","10112","9178808317",,"1900-01-01T00:00:00.000",,,,"Not Applicable",,,,"2025-10-22T06:00:14.000",,"40.758747437799","-73.978692223615","105","04","010400","1076262","1012657501","MN17","POINT (-73.978692223615 40.758747437799)"
"50173801","EARTHBAR","Manhattan","225","LIBERTY STREET","10280","6464550100",,"1900-01-01T00:00:00.000",,,,"Not Applicable",,,,"2025-10-22T06:00:14.000",,"40.711530166285","-74.015672785414","101","01","031703","1000058","1000160125","MN25","POINT (-74.015672785414 40.711530166285)"
"50177176","raven hall sdc","Brooklyn","2006","SURF AVENUE","11224","8623318888",,"1900-01-01T00:00:00.000",,,,"Not Applicable",,,,"2025-10-22T06:00:14.000",,"40.574812957906","-73.986828794395","313","47","035200","3424222","3070720002","BK21","POINT (-73.986828794395 40.574812957906)"
"50156176","BONI & MOTT","Manhattan","238","MOTT STREET","10012","9147870241",,"1900-01-01T00:00:00.000",,,,"Not Applicable",,,,"2025-10-22T06:00:14.000",,"40.722754485589","-73.995006950007","102","01","004300","1007478","1004930013","MN24","POINT (-73.995006950007 40.722754485589)"
"50167736","EL JOBITO RESTAURANT","Bronx","748","EAST  233 STREET","10466","9175290966",,"1900-01-01T00:00:00.000",,,,"Not Applicable",,,,"2025-10-22T06:00:14.000",,"40.892802372835","-73.855553034694","212","11","042200","2063715","2048460065","BX44","POINT (-73.855553034694 40.892802372835)"
"50163230","MATSUNORI HANDROLL BAR","Queens","2709","THOMSON AVE","11101","7188862776",,"1900-01-01T00:00:00.000",,,,"Not Applicable",,,,"2025-10-22T06:00:14.000",,"40.746309489804","-73.942523451077","402","26","001900","4623812","4000810005","QN31","POINT (-73.942523451077 40.746309489804)"
"40837042","MALECON RESTAURANT","Bronx","55925594","BROADWAY",,"7184325155","Latin American","2025-04-16T00:00:00.000","Violations were cited in the following area(s).","09E","Wash hands sign not posted near or above hand washing sink.","Not Critical","13","A","2025-04-16T00:00:00.000","2025-10-22T06:00:09.000","Cycle Inspection / Re-inspection","0","0",,,,,"2",,
"50176753","R&R PIZZA CONNECTION","Queens","3220","34TH AVE","11106","5166801478",,"1900-01-01T00:00:00.000",,,,"Not Applicable",,,,"2025-10-22T06:00:14.000",,"40.759173097904","-73.926225448918","401","26","005700","4008196","4006090029","QN70","POINT (-73.926225448918 40.759173097904)"
"50161608","ANGRY ARCHIE'S","Manhattan","1","HERALD SQUARE","10001","9735258914",,"1900-01-01T00:00:00.000",,,,"Not Applicable",,,,"2025-10-22T06:00:14.000",,"40.750541907818","-73.987541021756","105","04","010900","1089436","1008100045","MN17","POINT (-73.987541021756 40.750541907818)"
"50176153","ATILON","Manhattan","220","BOWERY","10012","4692898638",,"1900-01-01T00:00:00.000",,,,"Not Applicable",,,,"2025-10-22T06:00:14.000",,"40.721944699218","-73.993419644434","102","01","004300","1007398","1004920025","MN24","POINT (-73.993419644434 40.721944699218)"
"50158659","AMITABHA VEGAN","Queens","6824","FRESH MEADOW LN","11365","9175355886",,"1900-01-01T00:00:00.000",,,,"Not Applicable",,,,"2025-10-22T06:00:14.000",,"40.733286216878","-73.794570317502","408","24","122300","4149719","4069280056","QN38","POINT (-73.794570317502 40.733286216878)"
"50059256","THE PIZZA PARLOR","Staten Island","6","SNEDEN AVENUE","10312","7183564233","Pizza","2025-09-15T00:00:00.000","No violations were recorded at the time of this inspection.",,,"Not Applicable","0",,,"2025-10-22T06:00:09.000","Inter-Agency Task Force / Initial Inspection","40.540531481638","-74.177056033582","503","51","017005","5130734","5062440015","SI01","POINT (-74.177056033582 40.540531481638)"
"41004767","SUBWAY","Queens","360305","31 STREET",,"7183615277","Sandwiches","2025-07-15T00:00:00.000","Violations were cited in the following area(s).","04E","Toxic chemical or pesticide improperly stored or used such that food contamination may occur.","Critical","10","A","2025-07-15T00:00:00.000","2025-10-22T06:00:09.000","Cycle Inspection / Initial Inspection","0","0",,,,,"4",,
"50150789","LATOYA'S KITCHEN","Manhattan","2492","ADAM CLAYTON POWELL JR BOULEVARD",,"2122346300","Caribbean","2024-09-02T00:00:00.000","No violations were recorded at the time of this inspection.",,,"Not Applicable","0",,,"2025-10-22T06:00:09.000","Inter-Agency Task Force / Initial Inspection","0","0",,,,,"1",,
"50113312","THE LAST CALL","Manhattan","588","GRAND ST","10002","9297328881",,"1900-01-01T00:00:00.000",,,,"Not Applicable",,,,"2025-10-22T06:00:14.000",,"40.713434033283","-73.97819093714","103","01","001001",,"1","MN28","POINT (-73.97819093714 40.713434033283)"
"50174500","WOOFBOX, LLC","Brooklyn","214","GRAND STREET","11211","3474812554",,"1900-01-01T00:00:00.000",,,,"Not Applicable",,,,"2025-10-22T06:00:14.000",,"40.714002827832","-73.960114971936","301","34","055100","3062798","3023930026","BK73","POINT (-73.960114971936 40.714002827832)"
"50143169","LA MORRA FONDA REST. & BAR","Queens","9101","ASTORIA BLVD","11369","9733858820",,"1900-01-01T00:00:00.000",,,,"Not Applicable",,,,"2025-10-22T06:00:14.000",,"40.763490787488","-73.878136614133","403","22","034700","4032451","4013650001","QN28","POINT (-73.878136614133 40.763490787488)"
"50142985","Respite Center at the Holiday Inn","Manhattan","99","WASHINGTON STREET","10006","3479408017",,"1900-01-01T00:00:00.000",,,,"Not Applicable",,,,"2025-10-22T06:00:14.000",,"40.708343665226","-74.014323048163","101","01","001300","1088967","1000530002","MN25","POINT (-74.014323048163 40.708343665226)"
"50159831","PAO DE QUEIJO","Queens","31-90","30 STREET","11106","9173258744",,"1900-01-01T00:00:00.000",,,,"Not Applicable",,,,"2025-10-22T06:00:14.000",,"40.762516107761","-73.92605928813","401","22","007500","4445865","4005880001","QN70","POINT (-73.92605928813 40.762516107761)"
"50167742","MIRGA","Queens","4610","SKILLMAN AVE","11104","6466375662",,"1900-01-01T00:00:00.000",,,,"Not Applicable",,,,"2025-10-22T06:00:14.000",,"40.746527752143","-73.917808908135","402","26","025301","4001254","4001370032","QN31","POINT (-73.917808908135 40.746527752143)"
"41685823","ATOMIC WINGS","Manhattan","311","BROADWAY","10007","2125717667","Chicken","2023-02-17T00:00:00.000","Violations were cited in the following area(s).","09B","Thawing procedure improper.","Not Critical","13","A","2023-02-17T00:00:00.000","2025-10-22T06:00:09.000","Cycle Inspection / Re-inspection","40.715494565459","-74.005205334775","101","01","003300","1001658","1001510031","MN24","POINT (-74.005205334775 40.715494565459)"
"50175171","CPW5817 CORP","Brooklyn","253","SMITH STREET","11231","3478895717",,"1900-01-01T00:00:00.000",,,,"Not Applicable",,,,"2025-10-22T06:00:14.000",,"40.683215944265","-73.992828565498","306","39","007500","3006696","3004150006","BK33","POINT (-73.992828565498 40.683215944265)"
"50163747","MANSO RIKI TAKI FLOW RD","Manhattan","41","VERMILYEA AVENUE","10034","6469057628",,"1900-01-01T00:00:00.000",,,,"Not Applicable",,,,"2025-10-22T06:00:14.000",,"40.865108510636","-73.925026454943","112","10","029100","1064804","1022240021","MN01","POINT (-73.925026454943 40.865108510636)"
"50172480","COMFORTLAND","Manhattan","92","RIVINGTON STREET","10002","6314579815",,"1900-01-01T00:00:00.000",,,,"Not Applicable",,,,"2025-10-22T06:00:14.000",,"40.720193172705","-73.988729995343","103","01","003001","1005364","1004110036","MN27","POINT (-73.988729995343 40.720193172705)"
"41529148","VINCENT'S","Manhattan","119","MOTT STREET","10013","2122268133","Italian","2024-04-18T00:00:00.000","Violations were cited in the following area(s).","09B","Thawing procedure improper.","Not Critical","11","A","2024-04-18T00:00:00.000","2025-10-22T06:00:09.000","Cycle Inspection / Initial Inspection","40.717706933005","-73.997215071137","102","01","004100","1079531","1002050019","MN24","POINT (-73.997215071137 40.717706933005)"
"50176733","DANNY'S","Manhattan","46","WEST   22 STREET","10010","6468765152",,"1900-01-01T00:00:00.000",,,,"Not Applicable",,,,"2025-10-22T06:00:14.000",,"40.741503775195","-73.991588087091","105","03","005800","1015547","1008230068","MN13","POINT (-73.991588087091 40.741503775195)"
"50167880","SILKY KITCHEN","Manhattan","12","JOHN STREET","10038","9178218869",,"1900-01-01T00:00:00.000",,,,"Not Applicable",,,,"2025-10-22T06:00:14.000",,"40.709996550054","-74.009100465865","101","01","001502","1001103","1000650020","MN25","POINT (-74.009100465865 40.709996550054)"
"50162363","CHIP CITY","Queens","13327","39TH AVE","11354","9174457551",,"1900-01-01T00:00:00.000",,,,"Not Applicable",,,,"2025-10-22T06:00:14.000",,"40.759107190614","-73.834171584967","407","20","087100","4618349","4049727504","QN22","POINT (-73.834171584967 40.759107190614)"
"50132655","BESSIE'S PLACE LLC","Manhattan","458","WEST  145 STREET","10031","3473419528",,"1900-01-01T00:00:00.000",,,,"Not Applicable",,,,"2025-10-22T06:00:14.000",,"40.824860852831","-73.94675511064","109","07","022700","1061320","1020590054","MN04","POINT (-73.94675511064 40.824860852831)"
"50151960","PAPATHAI","Manhattan","2115","FREDERICK DOUGLASS BOULEVARD",,"6462756791",,"1900-01-01T00:00:00.000",,,,"Not Applicable",,,,"2025-10-22T06:00:14.000",,"0","0",,,,,"1",,
"50167125","CHIPOTLE MEXICAN GRILL #3056","Staten Island","185","BRICKTOWN WAY","10309","6143187413",,"1900-01-01T00:00:00.000",,,,"Not Applicable",,,,"2025-10-22T06:00:14.000",,"40.529521096907","-74.231409751135","503","51","022600","5164795","5074520100","SI11","POINT (-74.231409751135 40.529521096907)"
"50056993","CIVIC DELI","Manhattan","111","WORTH STREET","10013","2126192721","American","2025-06-27T00:00:00.000","No violations were recorded at the time of this inspection.",,,"Not Applicable",,,,"2025-10-22T06:00:09.000","Administrative Miscellaneous / Initial Inspection","40.715821256441","-74.003538779306","101","01","003100","1086161","1001700020","MN24","POINT (-74.003538779306 40.715821256441)"
"50154147","NY AXE","Brooklyn","98","NORTH   11 STREET","11249","7187822200",,"1900-01-01T00:00:00.000",,,,"Not Applicable",,,,"2025-10-22T06:00:14.000",,"40.721291947341","-73.957376019945","301","33","055700","3061600","3022960012","BK73","POINT (-73.957376019945 40.721291947341)"
"50174067","BROOKLYN NAPOLI PIZZA CORP","Brooklyn","2274","NOSTRAND AVENUE","11210","7183380328",,"1900-01-01T00:00:00.000",,,,"Not Applicable",,,,"2025-10-22T06:00:14.000",,"40.629439338771","-73.947361951097","314","45","077400","3206418","3075750001","BK42","POINT (-73.947361951097 40.629439338771)"
"50169205","TOTOPAN","Brooklyn","4509","5 AVENUE","11220","3479096366",,"1900-01-01T00:00:00.000",,,,"Not Applicable",,,,"2025-10-22T06:00:14.000",,"40.647778096733","-74.007517162432","307","38","009600","3011589","3007480005","BK34","POINT (-74.007517162432 40.647778096733)"
"50176017","QUILY LLC","Queens","4243","27TH ST","11101","9293885777",,"1900-01-01T00:00:00.000",,,,"Not Applicable",,,,"2025-10-22T06:00:14.000",,"40.749089070233","-73.940824753737","402","26","001900","4617741","4004317502","QN31","POINT (-73.940824753737 40.749089070233)"
"50174086","DAVE'S HOT CHICKEN","Brooklyn","1192","FULTON STREET","11216","9089270130",,"1900-01-01T00:00:00.000",,,,"Not Applicable",,,,"2025-10-22T06:00:14.000",,"40.680593483087","-73.952942246104","303","36","024700","3323677","3018600011","BK61","POINT (-73.952942246104 40.680593483087)"
"50167947","COPPER & OAK","Manhattan","157","ALLEN STREET","10002","9174749324",,"1900-01-01T00:00:00.000",,,,"Not Applicable",,,,"2025-10-22T06:00:14.000",,"40.720920609336","-73.989501897286","103","01","003601","1005513","1004160027","MN27","POINT (-73.989501897286 40.720920609336)"
"50163280","RESTAURANT ASSOCIATES, LLC","Manhattan","919","3 AVENUE","10022","7043285184",,"1900-01-01T00:00:00.000",,,,"Not Applicable",,,,"2025-10-22T06:00:14.000",,"40.759134804339","-73.96833955616","106","04","010800","1038577","1013290001","MN19","POINT (-73.96833955616 40.759134804339)"
"50163960","KITTY ZHAO","Manhattan","280","BROADWAY","10007","1111111111",,"1900-01-01T00:00:00.000",,,,"Not Applicable",,,,"2025-10-22T06:00:14.000",,"40.714410338341","-74.006089023993","101","01","003100","1079215","1001530001","MN24","POINT (-74.006089023993 40.714410338341)"
"50174673","QDOBA","Brooklyn","57","COURT STREET","11201","3476670087",,"1900-01-01T00:00:00.000",,,,"Not Applicable",,,,"2025-10-22T06:00:14.000",,"40.692161045236","-73.991150794169","302","33","000900","3002558","3002667501","BK09","POINT (-73.991150794169 40.692161045236)"
"50173796","EARTHBAR","Manhattan","421","HUDSON STREET","10014","6466570021",,"1900-01-01T00:00:00.000",,,,"Not Applicable",,,,"2025-10-22T06:00:14.000",,"40.730055465341","-74.006891455484","102","03","006900","1067116","1006017501","MN23","POINT (-74.006891455484 40.730055465341)"
"50150894","SUSHI MASU","Manhattan","286","COLUMBUS AVENUE","10023","2124705324",,"1900-01-01T00:00:00.000",,,,"Not Applicable",,,,"2025-10-22T06:00:14.000",,"40.778355868701","-73.978111820544","107","06","015700","1030017","1011450033","MN14","POINT (-73.978111820544 40.778355868701)"
"50177495","THOMASINA CATERING HALL LLC","Queens","20535","LINDEN BLVD","11412","3477927626",,"1900-01-01T00:00:00.000",,,,"Not Applicable",,,,"2025-10-22T06:00:14.000",,"40.695895099529","-73.747004153395","412","27","053200","4238668","4110780001","QN34","POINT (-73.747004153395 40.695895099529)"
"50174823","BK BELLY","Brooklyn","186","SCHOLES STREET","11206","8186676882",,"1900-01-01T00:00:00.000",,,,"Not Applicable",,,,"2025-10-22T06:00:14.000",,"40.708930861122","-73.941733421756","301","34","049300","3071006","3030450001","BK78","POINT (-73.941733421756 40.708930861122)"
"50002807","DUNKIN","Bronx","4","EAST FORDHAM ROAD","10468","7185635555","Donuts","2023-06-22T00:00:00.000","No violations were recorded at the time of this inspection.",,,"Not Applicable","0","A","2023-06-22T00:00:00.000","2025-10-22T06:00:09.000","Cycle Inspection / Initial Inspection","40.862691381938","-73.900940330303","205","14","023900","2014101","2031880033","BX40","POINT (-73.900940330303 40.862691381938)"
"50163830","FOOD TO RUN KITCHEN INC","Brooklyn","5024","7 AVENUE","11220","6464576308",,"1900-01-01T00:00:00.000",,,,"Not Applicable",,,,"2025-10-22T06:00:14.000",,"40.642261170594","-74.006111241282","307","43","009800","3013365","3007930037","BK34","POINT (-74.006111241282 40.642261170594)"
"50175057","HEALTHY FRESH EASTCHESTER ROAD LLC","Bronx","1890","EASTCHESTER ROAD","10461","7185011823",,"1900-01-01T00:00:00.000",,,,"Not Applicable",,,,"2025-10-22T06:00:14.000",,"40.851586177589","-73.844032422876","211","13","029600","2046946","2042090015","BX49","POINT (-73.844032422876 40.851586177589)"
"50145942","DEMO","Manhattan","34","CARMINE STREET","10014","9293167809",,"1900-01-01T00:00:00.000",,,,"Not Applicable",,,,"2025-10-22T06:00:14.000",,"40.73012425078","-74.003056056983","102","03","006700","1008363","1005270064","MN23","POINT (-74.003056056983 40.73012425078)"
"50111311","CANTINA TAQUERIA & TEQUILIA BAR","Manhattan","2099","FREDERICK DOUGLASS BOULEVARD",,"7577549410","Mexican","2025-05-14T00:00:00.000","Violations were cited in the following area(s).","18-11","Food Protection Certificate not available for inspection","Not Critical",,,,"2025-10-22T06:00:09.000","Administrative Miscellaneous / Initial Inspection","0","0",,,,,"1",,
"50173916","SIX SQUARE MANAGEMENT LLC","Manhattan","356","BOWERY","10012","6468305678",,"1900-01-01T00:00:00.000",,,,"Not Applicable",,,,"2025-10-22T06:00:14.000",,"40.726709501927","-73.991690983222","102","01","005502","1008518","1005310039","MN23","POINT (-73.991690983222 40.726709501927)"
"50178138","BRANCH","Manhattan","18","W 40TH ST","10018","6463771512",,"1900-01-01T00:00:00.000",,,,"Not Applicable",,,,"2025-10-22T06:00:14.000",,"40.752528478619","-73.982646419211","105","04","008400","1090404","1008417501","MN17","POINT (-73.982646419211 40.752528478619)"
"50177394","DEAR NYC","Queens",,"JFK INT'L AIRPORT","11430","2018218189",,"1900-01-01T00:00:00.000",,,,"Not Applicable",,,,"2025-10-22T06:00:14.000",,,,,,,,,,
"50173386","TORTILLERIA LA GUADALUPANA CORP","Queens","10423","ROOSEVELT AVE","11368","9292080799",,"1900-01-01T00:00:00.000",,,,"Not Applicable",,,,"2025-10-22T06:00:14.000",,"40.750153341247","-73.860685415135","403","21","040300","4044651","4017760060","QN26","POINT (-73.860685415135 40.750153341247)"
"50177914","HARDEE WU INC.","Brooklyn","351A","MYRTLE AVENUE","11205","3478897210",,"1900-01-01T00:00:00.000",,,,"Not Applicable",,,,"2025-10-22T06:00:14.000",,"40.69322573037","-73.972189824625","302","35","018501",,"3","BK68","POINT (-73.972189824625 40.69322573037)"
"50170688","HASHTAG CAFE (#)","Queens","3209","CRESCENT ST","11106","3477482055",,"1900-01-01T00:00:00.000",,,,"Not Applicable",,,,"2025-10-22T06:00:14.000",,"40.763283463695","-73.928534824432","401","22","005300","4519042","4005800018","QN70","POINT (-73.928534824432 40.763283463695)"
"50150593","INSTINTO BAR","Queens","8211","NORTHERN BLVD","11372","342517445_",,"1900-01-01T00:00:00.000",,,,"Not Applicable",,,,"2025-10-22T06:00:14.000",,"40.75557939567","-73.885160759635","403","25","032700","4034496","4014120044","QN28","POINT (-73.885160759635 40.75557939567)"
"50164461","MOMMY'S","Brooklyn","323","GRAHAM AVENUE","11211","4258941293",,"1900-01-01T00:00:00.000",,,,"Not Applicable",,,,"2025-10-22T06:00:14.000",,"40.71397153625","-73.94430455246","301","34","049700","3068876","3027640028","BK90","POINT (-73.94430455246 40.71397153625)"
"50177909","TRES EMPANADAS NYC, LLC","Manhattan","42","WEST   42 STREET","10036","7867824923",,"1900-01-01T00:00:00.000",,,,"Not Applicable",,,,"2025-10-22T06:00:14.000",,"40.754068239421","-73.982321170752","105","04","008400","1085593","1012570002","MN17","POINT (-73.982321170752 40.754068239421)"
"50149566","EL VIEJON","Brooklyn","4212","2 AVENUE","11232","3475486380",,"1900-01-01T00:00:00.000",,,,"Not Applicable",,,,"2025-10-22T06:00:14.000",,"40.653437407684","-74.01241194251","307","38","000200","3010778","3007210039","BK32","POINT (-74.01241194251 40.653437407684)"
"50178042","HUNG FOOD INC","Queens","133-35","ROOSEVELT AVENUE","11354","9172162393",,"1900-01-01T00:00:00.000",,,,"Not Applicable",,,,"2025-10-22T06:00:14.000",,"40.758501995257","-73.833241808988","407","20","087100","4112276","4049730016","QN22","POINT (-73.833241808988 40.758501995257)"
"50172925","MOON FOODS LLC","Queens","3921","BELL BLVD","11361","9175798293",,"1900-01-01T00:00:00.000",,,,"Not Applicable",,,,"2025-10-22T06:00:14.000",,"40.765008245158","-73.771718241383","411","19","112300","4137617","4062410006","QN46","POINT (-73.771718241383 40.765008245158)"
"50161764","NEW LAB LLC","Brooklyn","128","19 STREET","11232","8083992969",,"1900-01-01T00:00:00.000",,,,"Not Applicable",,,,"2025-10-22T06:00:14.000",,"40.664559844289","-73.995732230032","307","38","014300","3009128","3006360015","BK37","POINT (-73.995732230032 40.664559844289)"
"50165313","PURE DELI CORP","Brooklyn","740","BROADWAY","11206","9296926127",,"1900-01-01T00:00:00.000",,,,"Not Applicable",,,,"2025-10-22T06:00:14.000",,"40.70088893132","-73.942227356069","301","33","050700","3061513","3022760029","BK75","POINT (-73.942227356069 40.70088893132)"
"50166255","CREAM N' DIP CORP","Queens","3618","BROADWAY","11106","6467509421",,"1900-01-01T00:00:00.000",,,,"Not Applicable",,,,"2025-10-22T06:00:14.000",,"40.759899726686","-73.921001381741","401","22","005900","4009741","4006470041","QN70","POINT (-73.921001381741 40.759899726686)"
"50168377","MALECON EXPRESS INC.","Manhattan","3500","BROADWAY","10031","9172997890",,"1900-01-01T00:00:00.000",,,,"Not Applicable",,,,"2025-10-22T06:00:14.000",,"40.825219692176","-73.951314772278","109","07","022900","1061879","1020750001","MN04","POINT (-73.951314772278 40.825219692176)"
"50160847","JKCSNY INC","Manhattan","1802","65TH ST TRANSVERSE",,"9173253374",,"1900-01-01T00:00:00.000",,,,"Not Applicable",,,,"2025-10-22T06:00:14.000",,"0","0",,,,,"1",,
"50169409","STELLAR POKHARA INC.","Queens","7017","AUSTIN ST","11375","7185931830",,"1900-01-01T00:00:00.000",,,,"Not Applicable",,,,"2025-10-22T06:00:14.000",,"40.720752360757","-73.846399719496","406","29","071100","4314649","4032387501","QN17","POINT (-73.846399719496 40.720752360757)"
"50164316","8772 JUICE BAR CORP","Queens","8872","SUTPHIN BLVD","11435","9176509004",,"1900-01-01T00:00:00.000",,,,"Not Applicable",,,,"2025-10-22T06:00:14.000",,"40.70415609186","-73.808960972731","412","27","023800",,"4","QN61","POINT (-73.808960972731 40.70415609186)"
"50164133","WING & BURGER INC","Staten Island","302","NEW DORP LANE","10306","7189798999",,"1900-01-01T00:00:00.000",,,,"Not Applicable",,,,"2025-10-22T06:00:14.000",,"40.571881944992","-74.112430882083","502","50","013400","5057564","5042190064","SI45","POINT (-74.112430882083 40.571881944992)"
"50132762","MIKADO","Queens","11609","METROPOLITAN AVE","11418","7185590088","Japanese","2023-06-28T00:00:00.000","Violations were cited in the following area(s).","09B","Thawing procedure improper.","Not Critical","27","B","2023-06-28T00:00:00.000","2025-10-22T06:00:09.000","Pre-permit (Operational) / Re-inspection","40.707400728788","-73.835736242986","409","29","077500","4079425","4033240002","QN60","POINT (-73.835736242986 40.707400728788)"
"50176356","JM METRO SERVICES LLC","Manhattan","689","8 AVENUE","10036","7186791621",,"1900-01-01T00:00:00.000",,,,"Not Applicable",,,,"2025-10-22T06:00:14.000",,"40.758194456584","-73.989095331946","104","03","012100","1024969","1010340032","MN15","POINT (-73.989095331946 40.758194456584)"
"50171593","LIGRECI'S STAATEN","Staten Island","697","FOREST AVENUE","10310","7184486000",,"1900-01-01T00:00:00.000",,,,"Not Applicable",,,,"2025-10-22T06:00:14.000",,"40.629475941557","-74.11233734162","501","49","010500","5004812","5001680064","SI35","POINT (-74.11233734162 40.629475941557)"
"50170521","NAKSHATRA LLC","Manhattan","30","VANDAM STREET","10013","3476586092",,"1900-01-01T00:00:00.000",,,,"Not Applicable",,,,"2025-10-22T06:00:14.000",,"40.726358363178","-74.005014968398","102","03","003700","1007818","1005050014","MN24","POINT (-74.005014968398 40.726358363178)"
"50177139","SPICE & GRILL: INDIAN NEPALESE KITCHEN","Queens","6335","39TH AVE","11377","2016743449",,"1900-01-01T00:00:00.000",,,,"Not Applicable",,,,"2025-10-22T06:00:14.000",,"40.746590778624","-73.900359349786","402","26","026100","4027929","4012180001","QN63","POINT (-73.900359349786 40.746590778624)"
"41032752","DONS BOGAM","Manhattan","1517","EAST   32 STREET",,"2126832200","Korean","2024-01-31T00:00:00.000","Violations were cited in the following area(s).","04M","Live roaches in facility's food or non-food area.","Critical","28",,,"2025-10-22T06:00:09.000","Cycle Inspection / Initial Inspection","0","0",,,,,"1",,
"50147056","SIMO PIZZA","Manhattan","1290","6 AVENUE","10119","6463988666",,"1900-01-01T00:00:00.000",,,,"Not Applicable",,,,"2025-10-22T06:00:14.000",,"40.760850108553","-73.979716722068","105","04","010400","1034510","1012670001","MN17","POINT (-73.979716722068 40.760850108553)"
"50172586","WTC4 BY PONTUS FRITHIOF CORP","Manhattan","4","WORLD TRADE CTR","10048","9294310800",,"1900-01-01T00:00:00.000",,,,"Not Applicable",,,,"2025-10-22T06:00:14.000",,"40.710023785916","-74.011463056842","101","01","001300","1088795","1000580001","MN25","POINT (-74.011463056842 40.710023785916)"
"50176490","OPENAI NYC CAFE","Manhattan","295","LAFAYETTE STREET","10012","7043286780",,"1900-01-01T00:00:00.000",,,,"Not Applicable",,,,"2025-10-22T06:00:14.000",,"40.724530380047","-73.995760844883","102","01","004300","1007941","1005107502","MN24","POINT (-73.995760844883 40.724530380047)"
"50160993","MAMADORA VIP","Bronx","23","EAST TREMONT AVENUE","10453","7185843333",,"1900-01-01T00:00:00.000",,,,"Not Applicable",,,,"2025-10-22T06:00:14.000",,"40.85157625774","-73.908833403753","205","14","024100","2008266","2028540024","BX41","POINT (-73.908833403753 40.85157625774)"
"50153387","CHOPT","Queens","LAGUARDIA","AIRPORT","11369","5163989952",,"1900-01-01T00:00:00.000",,,,"Not Applicable",,,,"2025-10-22T06:00:14.000",,,,,,,,,,
"41194745","GOLDEN PALACE GOURMET","Queens","14009","CHERRRY AVENUE",,"7188864383","Chinese","2024-12-09T00:00:00.000","Violations were cited in the following area(s).","02B","Hot TCS food item not held at or above 140 °F.","Critical","28",,,"2025-10-22T06:00:09.000","Cycle Inspection / Initial Inspection","0","0",,,,,"4",,
"50168307","MAPO INTERNATIONAL INC.","Manhattan","728","8 AVENUE","10036","7185598551",,"1900-01-01T00:00:00.000",,,,"Not Applicable",,,,"2025-10-22T06:00:14.000",,"40.759319725048","-73.988257700502","105","03","011900","1024719","1010170002","MN17","POINT (-73.988257700502 40.759319725048)"
"50173672","LA GRAN URUGUAYA RESTAURANT INC","Queens","8502","37TH AVE","11372","7185050400",,"1900-01-01T00:00:00.000",,,,"Not Applicable",,,,"2025-10-22T06:00:14.000",,"40.750042090088","-73.88136265525","403","21","027900","4036240","4014730001","QN28","POINT (-73.88136265525 40.750042090088)"
"41510846","218 RESTAURANT","Manhattan","218220","GRAND STREET",,"2122268039","Chinese","2022-12-28T00:00:00.000","Violations were cited in the following area(s).","02B","Hot TCS food item not held at or above 140 °F.","Critical","31",,,"2025-10-22T06:00:09.000","Cycle Inspection / Initial Inspection","0","0",,,,,"1",,
"50134862","THE CHOCOLATE FACTORY","Brooklyn","70","SCOTT AVENUE","11237","6462440734",,"1900-01-01T00:00:00.000",,,,"Not Applicable",,,,"2025-10-22T06:00:14.000",,"40.709852836152","-73.922705713001","301","34","044900","3070597","3029900001","BK90","POINT (-73.922705713001 40.709852836152)"
"50111225","THE BELNORD HOTEL","Manhattan","209","WEST   87 STREET","10024","7183612521",,"1900-01-01T00:00:00.000",,,,"Not Applicable",,,,"2025-10-22T06:00:14.000",,"40.788513536626","-73.974879990871","107","06","017500","1033207","1012350023","MN12","POINT (-73.974879990871 40.788513536626)"
"50176448","MONKEY BROTHER'S NYC INC","0","N/A","N/A","N/A","3479727197",,"1900-01-01T00:00:00.000",,,,"Not Applicable",,,,"2025-10-22T06:00:14.000",,,,,,,,,,
"50166694","THE CHEFS AGENCY","Brooklyn","105","NORTH    3 STREET","11249","5167896956",,"1900-01-01T00:00:00.000",,,,"Not Applicable",,,,"2025-10-22T06:00:14.000",,"40.716759221766","-73.962018007288","301","34","055500","3335727","3023500026","BK73","POINT (-73.962018007288 40.716759221766)"
"50159326","NU3S - CAR WASH / CAFE / AUTO CARE","Queens","13029","MERRICK BLVD","11434","6469733288",,"1900-01-01T00:00:00.000",,,,"Not Applicable",,,,"2025-10-22T06:00:14.000",,"40.680164995068","-73.762520394044","412","27","036600","4270036","4124940009","QN08","POINT (-73.762520394044 40.680164995068)"
"50178047","SETTEPANI AT STUDIO LLC","Manhattan","144","WEST  125 STREET","10027","9145574078",,"1900-01-01T00:00:00.000",,,,"Not Applicable",,,,"2025-10-22T06:00:14.000",,"40.808516144125","-73.947277579516","110","09","022200","1091054","1019090009","MN11","POINT (-73.947277579516 40.808516144125)"
"50173983","LOVED ONES COFFEE","Brooklyn","253","BERGEN STREET","11217","2016325847",,"1900-01-01T00:00:00.000",,,,"Not Applicable",,,,"2025-10-22T06:00:14.000",,"40.683997237797","-73.983471974578","302","33","003900","3332453","3001970060","BK38","POINT (-73.983471974578 40.683997237797)"
"50178024","ADOBO MEXICAN GRILL","Manhattan","2675","BROADWAY","10025","3474557006",,"1900-01-01T00:00:00.000",,,,"Not Applicable",,,,"2025-10-22T06:00:14.000",,"40.798324612137","-73.96911544282","107","06","018700","1056518","1018730052","MN12","POINT (-73.96911544282 40.798324612137)"
"50175707","CAPITAL ONE LANDING","Manhattan","42","BROADWAY","10004","2125412011",,"1900-01-01T00:00:00.000",,,,"Not Applicable",,,,"2025-10-22T06:00:14.000",,"40.706263297358","-74.012908734166","101","01","000900","1000812","1000220020","MN25","POINT (-74.012908734166 40.706263297358)"
"50143618","HARI 999 INC","Manhattan","42","WEST   42 STREET","10036","9173063128",,"1900-01-01T00:00:00.000",,,,"Not Applicable",,,,"2025-10-22T06:00:14.000",,"40.754068239421","-73.982321170752","105","04","008400","1085593","1012570002","MN17","POINT (-73.982321170752 40.754068239421)"
"50163756","SCHMACKARY'S","Manhattan","129","4 AVENUE","10003","9177962185",,"1900-01-01T00:00:00.000",,,,"Not Applicable",,,,"2025-10-22T06:00:14.000",,"40.73325562509","-73.989914897004","103","02","004200","1077855","1005580010","MN22","POINT (-73.989914897004 40.73325562509)"
"50162654","BREAD FACTORY","Manhattan","1","HERALD SQUARE","10001","3476333780",,"1900-01-01T00:00:00.000",,,,"Not Applicable",,,,"2025-10-22T06:00:14.000",,"40.750541907818","-73.987541021756","105","04","010900","1089436","1008100045","MN17","POINT (-73.987541021756 40.750541907818)"
"50128085","MIKE'S COFFEE SHOP","Brooklyn","328","DEKALB AVENUE","11205","7188571462","American","2025-06-10T00:00:00.000","No violations were recorded at the time of this inspection.",,,"Not Applicable",,,,"2025-10-22T06:00:09.000","Administrative Miscellaneous / Initial Inspection","40.68974350885","-73.965397762618","302","35","019700","3055356","3019320025","BK69","POINT (-73.965397762618 40.68974350885)"
"50174371","SLICEHAUS PIZZERIA","Manhattan","30","CARMINE STREET","10014","6462669274",,"1900-01-01T00:00:00.000",,,,"Not Applicable",,,,"2025-10-22T06:00:14.000",,"40.730162680699","-74.002933383431","102","03","006700","1008364","1005270068","MN23","POINT (-74.002933383431 40.730162680699)"
"50173958","AUGUSTA NY 1 INC","Queens","3460","JUNCTION BLVD","11372","7189027137",,"1900-01-01T00:00:00.000",,,,"Not Applicable",,,,"2025-10-22T06:00:14.000",,"40.753671568495","-73.871986216944","403","21","027300","4035809","4014550070","QN28","POINT (-73.871986216944 40.753671568495)"
"50159945","SEAPARK 59 CORP","Manhattan","41","WEST   40 STREET","10018","6466372137",,"1900-01-01T00:00:00.000",,,,"Not Applicable",,,,"2025-10-22T06:00:14.000",,"40.753069376416","-73.983880673157","105","04","008400",,"1","MN17","POINT (-73.983880673157 40.753069376416)"
"50177908","WYLIE'S","Queens","24-01","29 STREET","11102","9174420071",,"1900-01-01T00:00:00.000",,,,"Not Applicable",,,,"2025-10-22T06:00:14.000",,"40.772871018173","-73.916509011513","401","22","012500","4017438","4008400042","QN72","POINT (-73.916509011513 40.772871018173)"
"50174290","GENKI EAST OMAKASE","Manhattan","111","STANTON STREET","10002","6466675511",,"1900-01-01T00:00:00.000",,,,"Not Applicable",,,,"2025-10-22T06:00:14.000",,"40.721093314305","-73.98736616791","103","01","003001","1087887","1004110053","MN27","POINT (-73.98736616791 40.721093314305)"
"50175308","TERRIBLE EDDIE'S ENTERPRISES INC.","Staten Island","829","ANNADALE ROAD","10312","9296005160",,"1900-01-01T00:00:00.000",,,,"Not Applicable",,,,"2025-10-22T06:00:14.000",,"40.541878614144","-74.17741940655","503","51","017005","5080059","5062250015","SI01","POINT (-74.17741940655 40.541878614144)"
"50176565","SIMPL","Manhattan","927","2 AVENUE","10022","3104903817",,"1900-01-01T00:00:00.000",,,,"Not Applicable",,,,"2025-10-22T06:00:14.000",,"40.754501777537","-73.968803772622","106","04","009800","1038254","1013237501","MN19","POINT (-73.968803772622 40.754501777537)"
"50176245","ARAMARK SERVICES INC","Manhattan","388","GREENWICH STREET","10013","5163842249",,"1900-01-01T00:00:00.000",,,,"Not Applicable",,,,"2025-10-22T06:00:14.000",,"40.720651658088","-74.010097618713","101","01","003900","1082816","1002160001","MN24","POINT (-74.010097618713 40.720651658088)"
"50172143","FRAME3 INC","Manhattan","2459","BROADWAY","10024","4699156456",,"1900-01-01T00:00:00.000",,,,"Not Applicable",,,,"2025-10-22T06:00:14.000",,"40.791370668324","-73.974185514527","107","06","017900","1033561","1012380052","MN12","POINT (-73.974185514527 40.791370668324)"
"50168852","SPICE LAMB","Manhattan","928","AMSTERDAM AVENUE","10025","6469848768",,"1900-01-01T00:00:00.000",,,,"Not Applicable",,,,"2025-10-22T06:00:14.000",,"40.800129759658","-73.9659433495","107","07","019100","1056616","1018770033","MN12","POINT (-73.9659433495 40.800129759658)"
"50107045","MAMA TACO","Manhattan","5025","BROADWAY","10034","6466660107","Tex-Mex","2023-08-05T00:00:00.000","No violations were recorded at the time of this inspection.",,,"Not Applicable",,,,"2025-10-22T06:00:09.000","Smoke-Free Air Act / Initial Inspection","40.86938998294","-73.916615146727","112","10","030300","1065009","1022430241","MN01","POINT (-73.916615146727 40.86938998294)"
"50103422","FLIK INTERNATIONAL","Manhattan","1","MANHATTAN WEST AVE",,"2127352992","American","2025-04-14T00:00:00.000","Violations were cited in the following area(s).","06F","Wiping cloths not stored clean and dry, or in a sanitizing solution, between uses.","Critical","10","A","2025-04-14T00:00:00.000","2025-10-22T06:00:09.000","Cycle Inspection / Initial Inspection","0","0",,,,,"1",,
"50093030","DOMINO'S","Queens","10950","MERRICK BLVD","11433","7186584200","Pizza","2023-06-27T00:00:00.000","No violations were recorded at the time of this inspection.",,,"Not Applicable","0","A","2023-06-27T00:00:00.000","2025-10-22T06:00:09.000","Cycle Inspection / Initial Inspection","40.696400357983","-73.783288583871","412","27","025800","4216878","4101890008","QN01","POINT (-73.783288583871 40.696400357983)"
"50165039","PURE EATS","Brooklyn","147","GREENPOINT AVENUE","11222","7182101898",,"1900-01-01T00:00:00.000",,,,"Not Applicable",,,,"2025-10-22T06:00:14.000",,"40.730233051072","-73.953895676567","301","33","057500","3064743","3025590004","BK76","POINT (-73.953895676567 40.730233051072)"
"50157568","KUNG FU TEA","Staten Island","3845","RICHMOND AVENUE","10312","9176692366",,"1900-01-01T00:00:00.000",,,,"Not Applicable",,,,"2025-10-22T06:00:14.000",,"40.544057279091","-74.165055229477","503","51","014604","5073200","5054970150","SI54","POINT (-74.165055229477 40.544057279091)"
"50177866","SLAPS BURGER NY 4 INC.","Brooklyn","465","86 STREET","11209","9172262117",,"1900-01-01T00:00:00.000",,,,"Not Applicable",,,,"2025-10-22T06:00:14.000",,"40.622004387807","-74.027045531534","310","47","013800","3153177","3060350054","BK31","POINT (-74.027045531534 40.622004387807)"
"50169242","DUNKIN DONUTS","Manhattan","4","SOUTH STREET","10004","2126191222",,"1900-01-01T00:00:00.000",,,,"Not Applicable",,,,"2025-10-22T06:00:14.000",,"40.701687901075","-74.011631125861","101","01","000900","1085792","1000020001","MN25","POINT (-74.011631125861 40.701687901075)"
"50167447","TRIPLE BROTHER INC.","Queens","136-20","ROOSEVELT AVENUE","11354","7183066688",,"1900-01-01T00:00:00.000",,,,"Not Applicable",,,,"2025-10-22T06:00:14.000",,"40.759777908235","-73.829235428489","407","20","085300","4113546","4050190005","QN22","POINT (-73.829235428489 40.759777908235)"
"50176258","BABBO","Manhattan","110","WAVERLY PLACE","10011","0000000000",,"1900-01-01T00:00:00.000",,,,"Not Applicable",,,,"2025-10-22T06:00:14.000",,"40.732462828253","-73.999152067659","102","01","006500","1008889","1005520053","MN23","POINT (-73.999152067659 40.732462828253)"
"50160716","REGINAS UES INC","Manhattan","300","EAST   88 STREET","10128","3476804361",,"1900-01-01T00:00:00.000",,,,"Not Applicable",,,,"2025-10-22T06:00:14.000",,"40.779110396089","-73.950666181048","108","05","014602","1050059","1015500049","MN32","POINT (-73.950666181048 40.779110396089)"
"50144825","DOUGHNUTTERY EVENTS.","Manhattan",,"WEST   42 STREET","10036","9179910564",,"1900-01-01T00:00:00.000",,,,"Not Applicable",,,,"2025-10-22T06:00:14.000",,,,,,,,,,
"50152974","ART MIDTOWN","Manhattan","351","WEST   38 STREET","10018","7726963085",,"1900-01-01T00:00:00.000",,,,"Not Applicable",,,,"2025-10-22T06:00:14.000",,"40.755318257479","-73.993066216711","104","03","011500","1090149","1007620006","MN15","POINT (-73.993066216711 40.755318257479)"
"50167376","BROOKLYN BEETS CAFE LLC","Brooklyn","142","ROCKAWAY AVENUE","11233","3478935075",,"1900-01-01T00:00:00.000",,,,"Not Applicable",,,,"2025-10-22T06:00:14.000",,"40.678449535312","-73.910888054537","316","41","037100","3041999","3015410001","BK79","POINT (-73.910888054537 40.678449535312)"
"50087180","PIZZA PUB","Queens","1","JFK INTL AIRPORT BLVD","11430","9177336708",,"1900-01-01T00:00:00.000",,,,"Not Applicable",,,,"2025-10-22T06:00:14.000",,"40.648312826068","-73.788281497594","483","28","071600","4542156","4142600001","QN98","POINT (-73.788281497594 40.648312826068)"
"50174778","LA MESA DEL RINCON MEXICAN RESTAURANT CORP","Brooklyn","816","AVENUE U","11223","6467446081",,"1900-01-01T00:00:00.000",,,,"Not Applicable",,,,"2025-10-22T06:00:14.000",,"40.598113663097","-73.96278434006","315","48","039200","3193142","3071350007","BK25","POINT (-73.96278434006 40.598113663097)"
"50171977","WILKA'S SPORTS BAR","Manhattan","241","BOWERY","10002","7325709812",,"1900-01-01T00:00:00.000",,,,"Not Applicable",,,,"2025-10-22T06:00:14.000",,"40.722611661989","-73.993152609463","103","01","003601","1005710","1004260015","MN27","POINT (-73.993152609463 40.722611661989)"
"50150886","STONIE BOWLS/SOOM","Manhattan","450","WEST   33 STREET","10001","9173876803",,"1900-01-01T00:00:00.000",,,,"Not Applicable",,,,"2025-10-22T06:00:14.000",,"40.753556325005","-73.998812517372","104","03","010300","1089695","1007297507","MN13","POINT (-73.998812517372 40.753556325005)"
"40536414","LA CABANA","Brooklyn","106264","FLATBUSH AVENUE",,"7182870248","Latin American","2023-03-21T00:00:00.000","Violations were cited in the following area(s).","04L","Evidence of mice or live mice in establishment's food or non-food areas.","Critical","31",,,"2025-10-22T06:00:09.000","Cycle Inspection / Initial Inspection","0","0",,,,,"3",,
"50170107","SOL DE COLOMBIA","Queens","3437","BELL BLVD","11361","6315785482",,"1900-01-01T00:00:00.000",,,,"Not Applicable",,,,"2025-10-22T06:00:14.000",,"40.769546905665","-73.773894046731","411","19","109700","4135956","4061190055","QN46","POINT (-73.773894046731 40.769546905665)"
"50173608","CHOR BAZAAR","Manhattan","37","WEST   30 STREET","10001","9178472666",,"1900-01-01T00:00:00.000",,,,"Not Applicable",,,,"2025-10-22T06:00:14.000",,"40.746658133853","-73.988137234978","105","03","007600","1015778","1008320022","MN17","POINT (-73.988137234978 40.746658133853)"
"50169989","IDEN & QUANJUDE","Manhattan","3","EAST   52 STREET","10022","6047806588",,"1900-01-01T00:00:00.000",,,,"Not Applicable",,,,"2025-10-22T06:00:14.000",,"40.759658161533","-73.975977435444","105","04","010200","1035708","1012880006","MN17","POINT (-73.975977435444 40.759658161533)"
"50168992","GAIA MASALA & BURGER","Queens","3311","BROADWAY","11106","7206940584",,"1900-01-01T00:00:00.000",,,,"Not Applicable",,,,"2025-10-22T06:00:14.000",,"40.761142121479","-73.923606166395","401","22","006100","4008872","4006230004","QN70","POINT (-73.923606166395 40.761142121479)"
"50171903","CARVEL","Bronx","2855","3 AVENUE","10455","7863690471",,"1900-01-01T00:00:00.000",,,,"Not Applicable",,,,"2025-10-22T06:00:14.000",,"40.816227717906","-73.917361217207","201","17","006500","2000865","2023280039","BX34","POINT (-73.917361217207 40.816227717906)"
"50169277","KING KONG NY INC.","Manhattan","104","MOTT STREET","10013","9295009164",,"1900-01-01T00:00:00.000",,,,"Not Applicable",,,,"2025-10-22T06:00:14.000",,"40.717415991334","-73.997373809161","102","01","004100","1002617","1002040005","MN24","POINT (-73.997373809161 40.717415991334)"
"50174077","STEINY B's","Brooklyn","942","FLATBUSH AVENUE","11226","7187906283",,"1900-01-01T00:00:00.000",,,,"Not Applicable",,,,"2025-10-22T06:00:14.000",,"40.648643595226","-73.958301906811","314","40","051002","3117168","3051020043","BK42","POINT (-73.958301906811 40.648643595226)"
"50173278","TWENTYONEGRAINS","Manhattan","750","8 AVENUE","10036","9177556709",,"1900-01-01T00:00:00.000",,,,"Not Applicable",,,,"2025-10-22T06:00:14.000",,"40.759871379059","-73.987849705278","105","03","012500","1024736","1010187502","MN17","POINT (-73.987849705278 40.759871379059)"
"50164315","MUNCH BORO PARK LLC","Brooklyn","5219","13 AVENUE","11219","7189720010",,"1900-01-01T00:00:00.000",,,,"Not Applicable",,,,"2025-10-22T06:00:14.000",,"40.633178693747","-73.994019295672","312","44","023800","3138715","3056630001","BK88","POINT (-73.994019295672 40.633178693747)"
"50172286","EL VIEJO YAYO 2","Brooklyn","317","9 STREET","11215","7189657299",,"1900-01-01T00:00:00.000",,,,"Not Applicable",,,,"2025-10-22T06:00:14.000",,"40.668904020291","-73.985746734939","306","39","013700","3022143","3010050074","BK37","POINT (-73.985746734939 40.668904020291)"
"50175675","KARTVELI NY INC","Brooklyn","1926","BATH AVENUE","11214","2024606676",,"1900-01-01T00:00:00.000",,,,"Not Applicable",,,,"2025-10-22T06:00:14.000",,"40.602187447979","-74.00296014952","311","47","028200","3320719","3064400028","BK27","POINT (-74.00296014952 40.602187447979)"
"50044258","POPEYES","Bronx","C16","Concourse Plaza",,"9174719302","Chicken","2022-08-15T00:00:00.000","Violations were cited in the following area(s).","02B","Hot TCS food item not held at or above 140 °F.","Critical","9","A","2022-08-15T00:00:00.000","2025-10-22T06:00:09.000","Cycle Inspection / Initial Inspection","0","0",,,,,"2",,
"50153761","STEFAN TOMIC","Manhattan","172","WAVERLY PLACE","10014","8622153937",,"1900-01-01T00:00:00.000",,,,"Not Applicable",,,,"2025-10-22T06:00:14.000",,"40.733928528991","-74.001244864328","102","03","007300","1010674","1006100027","MN23","POINT (-74.001244864328 40.733928528991)"
"50169802","PIZZA SHOPPE BY MIMMOS INC.","Staten Island","1547","ARTHUR KILL ROAD","10312","7188651470",,"1900-01-01T00:00:00.000",,,,"Not Applicable",,,,"2025-10-22T06:00:14.000",,"40.562507433647","-74.191697713766","503","51","022800","5127870","5059000020","SI05","POINT (-74.191697713766 40.562507433647)"
"50168919","THE SANDWICH SHOP","Brooklyn","658A","GRAND STREET","11211","3478326857",,"1900-01-01T00:00:00.000",,,,"Not Applicable",,,,"2025-10-22T06:00:14.000",,"40.71141428728","-73.946139093903","301","34","050300","3331617","3027870019","BK90","POINT (-73.946139093903 40.71141428728)"
"50144257","FOODMANDU","Queens","4301","QUEENS BLVD","11104","3473965681","Asian/Asian Fusion","2023-12-05T00:00:00.000","Violations were cited in the following area(s).","04M","Live roaches in facility's food or non-food area.","Critical","13","N",,"2025-10-22T06:00:09.000","Pre-permit (Non-operational) / Initial Inspection","40.743467070595","-73.921338518141","402","26","018300","4001925","4001620008","QN31","POINT (-73.921338518141 40.743467070595)"
"50165778","CATERING BY TOURIA INC","Queens","4712","30TH AVE","11103","3474594729",,"1900-01-01T00:00:00.000",,,,"Not Applicable",,,,"2025-10-22T06:00:14.000",,"40.761161825098","-73.909206711019","401","22","015100","4013384","4007290046","QN70","POINT (-73.909206711019 40.761161825098)"
"50048806","WIN SON","Brooklyn","159","GRAHAM AVENUE","11206","3474576010","Asian/Asian Fusion","2025-05-17T00:00:00.000","No violations were recorded at the time of this inspection.",,,"Not Applicable","0",,,"2025-10-22T06:00:09.000","Inter-Agency Task Force / Initial Inspection","40.707438457394","-73.943231579728","301","34","050500","3071122","3030520026","BK90","POINT (-73.943231579728 40.707438457394)"
"50166258","HI SUNNY","Manhattan","342","7 AVENUE","10001","2126609666",,"1900-01-01T00:00:00.000",,,,"Not Applicable",,,,"2025-10-22T06:00:14.000",,"40.747986986901","-73.992817957089","105","03","009500","1014289","1007790036","MN17","POINT (-73.992817957089 40.747986986901)"
"50172271","OLDENBURG","Brooklyn","3100","BRIGHTON    1 PLACE","11235","9296287846",,"1900-01-01T00:00:00.000",,,,"Not Applicable",,,,"2025-10-22T06:00:14.000",,"40.576285296497","-73.96578074506","313","48","036001","3245032","3086820057","BK19","POINT (-73.96578074506 40.576285296497)"
"41645610","SUBWAY","Brooklyn","1875","NOSTRAND AVENUE","11226","6464841708","Sandwiches","2024-08-30T00:00:00.000","Violations were cited in the following area(s).","09B","Thawing procedure improper.","Not Critical","12","A","2024-08-30T00:00:00.000","2025-10-22T06:00:09.000","Cycle Inspection / Re-inspection","40.639812338763","-73.948384250421","317","45","083000","3112333","3049640050","BK91","POINT (-73.948384250421 40.639812338763)"
"50126220","HARLEM CAFE","Manhattan","2259","ADAM CLAYTON POWELL JR BOULEVARD",,"3472329231","American","2024-12-23T00:00:00.000","Violations were cited in the following area(s).","04A","Food Protection Certificate (FPC) not held by manager or supervisor of food operations.","Critical","12","A","2024-12-23T00:00:00.000","2025-10-22T06:00:09.000","Cycle Inspection / Re-inspection","0","0",,,,,"1",,
"50177849","UNIVERSITY DELIGHTS","Bronx","578","EAST FORDHAM ROAD","10458","71865205200",,"1900-01-01T00:00:00.000",,,,"Not Applicable",,,,"2025-10-22T06:00:14.000",,"40.858686368802","-73.885672521967","206","15","038900","2011946","2030670051","BX06","POINT (-73.885672521967 40.858686368802)"
"50176337","Country Donuts","Staten Island","877","HUGUENOT AVENUE","10312","9084158637",,"1900-01-01T00:00:00.000",,,,"Not Applicable",,,,"2025-10-22T06:00:14.000",,"40.532805073319","-74.19223454555","503","51","017005","5081450","5063320046","SI01","POINT (-74.19223454555 40.532805073319)"
"50173128","NEAT BAR INC.","Brooklyn","96","NORTH    5 STREET","11249","7186197302",,"1900-01-01T00:00:00.000",,,,"Not Applicable",,,,"2025-10-22T06:00:14.000",,"40.717785300282","-73.960639383788","301","34","055500","3414418","3023420019","BK73","POINT (-73.960639383788 40.717785300282)"
"50055139","TIGER BOX","Brooklyn","169","PARK AVENUE","11205","6463201177","Korean","2025-10-09T00:00:00.000","Violations were cited in the following area(s).","02B","Hot TCS food item not held at or above 140 °F.","Critical","30",,,"2025-10-22T06:00:09.000","Cycle Inspection / Initial Inspection","40.696214908945","-73.972693448472","302","35","021100","3058001","3020310055","BK68","POINT (-73.972693448472 40.696214908945)"
"40387418","TAL BAGELS DELI","Manhattan","975979","FIRST AVENUE",,"2127539080","Bagels/Pretzels","2023-04-03T00:00:00.000","Violations were cited in the following area(s).","04L","Evidence of mice or live mice in establishment's food or non-food areas.","Critical","14",,,"2025-10-22T06:00:09.000","Cycle Inspection / Initial Inspection","0","0",,,,,"1",,
"50176013","KINGS KITCHEN 58 INC.","Manhattan","58","MOTT STREET","10013","19179455892",,"1900-01-01T00:00:00.000",,,,"Not Applicable",,,,"2025-10-22T06:00:14.000",,"40.715944812764","-73.998282913268","103","01","002900","1079425","1002010002","MN27","POINT (-73.998282913268 40.715944812764)"
"41541993","ESTRELLITA POBLANA II","Bronx","28192821","WHITE PLAINS ROAD",,"7186547652","Mexican","2022-01-11T00:00:00.000","Violations were cited in the following area(s).","04A","Food Protection Certificate not held by supervisor of food operations.","Critical","15",,,"2025-10-22T06:00:09.000","Cycle Inspection / Initial Inspection","0","0",,,,,"2",,
"50171998","MORGAN'S","Manhattan","270","PARK AVENUE","10017","7043286780",,"1900-01-01T00:00:00.000",,,,"Not Applicable",,,,"2025-10-22T06:00:14.000",,"40.755634159504","-73.975109006874","105","04","009400","1035421","1012830021","MN17","POINT (-73.975109006874 40.755634159504)"
"50170393","ARVINE","Manhattan","19","GREENWICH AVENUE","10014","6462380619",,"1900-01-01T00:00:00.000",,,,"Not Applicable",,,,"2025-10-22T06:00:14.000",,"40.734524149598","-73.999902574961","102","03","007100","1010689","1006100054","MN23","POINT (-73.999902574961 40.734524149598)"
"50164736","CHADA","Manhattan","260","6 AVENUE","10014","6466593569",,"1900-01-01T00:00:00.000",,,,"Not Applicable",,,,"2025-10-22T06:00:14.000",,"40.729094977878","-74.002467899133","102","03","006500","1008295","1005260011","MN23","POINT (-74.002467899133 40.729094977878)"
"50118657","YAYA TEA","Brooklyn","80","DEKALB AVENUE","11201","7182690830","Asian/Asian Fusion","2025-09-27T00:00:00.000","No violations were recorded at the time of this inspection.",,,"Not Applicable","0",,,"2025-10-22T06:00:09.000","Inter-Agency Task Force / Initial Inspection","40.68985672822","-73.979720371884","302","35","003300","3391840","3020940010","BK68","POINT (-73.979720371884 40.68985672822)"
"50122846","IPIZZANY","Manhattan","621","2 AVENUE","10016","6465967071","Pizza","2025-08-06T00:00:00.000","Violations were cited in the following area(s).","04M","Live roaches in facility's food or non-food area.","Critical","57","C","2025-08-06T00:00:00.000","2025-10-22T06:00:09.000","Cycle Inspection / Re-inspection","40.744677255478","-73.97596120472","106","02","007000","1020129","1009140035","MN20","POINT (-73.97596120472 40.744677255478)"
"40730140","ESTELLE","Brooklyn","1824","AVENUE U","11229","7187692100","American","2024-04-04T00:00:00.000","No violations were recorded at the time of this inspection.",,,"Not Applicable",,,,"2025-10-22T06:00:11.000","Smoke-Free Air Act / Initial Inspection","40.599164162747","-73.953244724829","315","48","057800","3199703","3073510010","BK44","POINT (-73.953244724829 40.599164162747)"
"50160122","SERAFINA EXPRESS","Manhattan","777","3 AVENUE","10017","2012183359",,"1900-01-01T00:00:00.000",,,,"Not Applicable",,,,"2025-10-22T06:00:14.000",,"40.754653464812","-73.971597399803","106","04","009000","1038000","1013220001","MN19","POINT (-73.971597399803 40.754653464812)"
"50118612","AMY'S BREAD","Manhattan","200","LEXINGTON AVENUE","10016","2126799500","Bakery Products/Desserts","2022-09-13T00:00:00.000","No violations were recorded at the time of this inspection.",,,"Not Applicable","0",,,"2025-10-22T06:00:09.000","Pre-permit (Operational) / Compliance Inspection","40.745249038997","-73.980569585904","105","02","007200","1018473","1008880020","MN20","POINT (-73.980569585904 40.745249038997)"
"50163332","UT 47 KITCHEN","Manhattan","683","9 AVENUE","10036","9049551115",,"1900-01-01T00:00:00.000",,,,"Not Applicable",,,,"2025-10-22T06:00:14.000",,"40.761699617738","-73.990257115557","104","03","012700","1026567","1010570029","MN15","POINT (-73.990257115557 40.761699617738)"
"50122497","NICHOLAS CAMMARATO","Staten Island","27","SEGUINE AVENUE","10309","7188692966",,"1900-01-01T00:00:00.000",,,,"Not Applicable",,,,"2025-10-22T06:00:14.000",,"40.525678003581","-74.201127401275","503","51","019800","5082831","5066810015","SI01","POINT (-74.201127401275 40.525678003581)"
"50177880","MADE MAD INC","Manhattan","532","MADISON AVENUE","10022","2126441090",,"1900-01-01T00:00:00.000",,,,"Not Applicable",,,,"2025-10-22T06:00:14.000",,"40.760456388468","-73.973706616717","105","04","010200","1035744","1012900015","MN17","POINT (-73.973706616717 40.760456388468)"
"50014322","CHIPOTLE MEXICAN GRILL","Brooklyn","463","86 STREET","11209","7188330534","Tex-Mex","2022-05-10T00:00:00.000","Violations were cited in the following area(s).","02B","Hot food item not held at or above 140º F.","Critical","12","A","2022-05-10T00:00:00.000","2025-10-22T06:00:09.000","Cycle Inspection / Initial Inspection","40.622023594486","-74.027074357184","310","47","013800","3153178","3060350055","BK31","POINT (-74.027074357184 40.622023594486)"
"50160505","STARBUCKS # 1955","Queens",,"JFK INTERNATIONAL AIRPORT","11430","2299392549",,"1900-01-01T00:00:00.000",,,,"Not Applicable",,,,"2025-10-22T06:00:14.000",,"40.648312826068","-73.788281497594",,,,,,,"POINT (-73.788281497594 40.648312826068)"
"50122073","ARAMARK SERVICES","Manhattan","1211","AVE AMERICAS",,"6466261707","Fusion","2025-06-25T00:00:00.000","Violations were cited in the following area(s).","06E","Sanitized equipment or utensil, including in-use food dispensing utensil, improperly used or stored.","Critical","17",,,"2025-10-22T06:00:09.000","Cycle Inspection / Initial Inspection","0","0",,,,,"1",,
"50123805","QK Restaurant Inc.","Queens","4626","KISSENA BLVD","11355","7189990806","Chinese","2024-02-05T00:00:00.000","Violations were cited in the following area(s).","02B","Hot TCS food item not held at or above 140 °F.","Critical","71",,,"2025-10-22T06:00:09.000","Cycle Inspection / Initial Inspection","40.75003950242","-73.818519551091","407","20","084500","4314742","4051490138","QN22","POINT (-73.818519551091 40.75003950242)"
"50168964","PACHA BK","Brooklyn","594","ROGERS AVENUE","11225","2067993057",,"1900-01-01T00:00:00.000",,,,"Not Applicable",,,,"2025-10-22T06:00:14.000",,"40.657235525631","-73.953185847071","309","40","080200","3115710","3050460054","BK60","POINT (-73.953185847071 40.657235525631)"
"50011694","SWEET CHICK","Manhattan","178","LUDLOW STREET","10002","6466570233","Chicken","2025-05-08T00:00:00.000","Violations were cited in the following area(s).","02B","Hot TCS food item not held at or above 140 °F.","Critical","12","A","2025-05-08T00:00:00.000","2025-10-22T06:00:09.000","Cycle Inspection / Re-inspection","40.721760306582","-73.987492308421","103","01","003001","1084893","1004120046","MN27","POINT (-73.987492308421 40.721760306582)"
"50170268","SUMONA YASMIN","Queens","3944","21ST ST","11101","6464237652",,"1900-01-01T00:00:00.000",,,,"Not Applicable",,,,"2025-10-22T06:00:14.000",,"40.755904196585","-73.940602106168","401","26","008500","4005319","4004710690","QN68","POINT (-73.940602106168 40.755904196585)"
"50177960","TRES EMPANADAS NYC, LLC","Manhattan","1","HERALD SQUARE","10001","7867824923",,"1900-01-01T00:00:00.000",,,,"Not Applicable",,,,"2025-10-22T06:00:14.000",,"40.750541907818","-73.987541021756","105","04","010900","1089436","1008100045","MN17","POINT (-73.987541021756 40.750541907818)"
"50152968","HAPPY MEDIUM","Brooklyn","224","FRANKLIN STREET","11222","7738702846",,"1900-01-01T00:00:00.000",,,,"Not Applicable",,,,"2025-10-22T06:00:14.000",,"40.733314307989","-73.958147686122","301","33","056300","3064139","3025220008","BK76","POINT (-73.958147686122 40.733314307989)"
"50148378","G'S CHEESESTEAKS","Manhattan","6","AVENUE B","10009","7182739016","Other","2025-07-28T00:00:00.000","Violations were cited in the following area(s).","02B","Hot TCS food item not held at or above 140 °F.","Critical","30","N",,"2025-10-22T06:00:09.000","Pre-permit (Operational) / Initial Inspection","40.721702186201","-73.983671830786","103","02","003002","1004959","1003970038","MN22","POINT (-73.983671830786 40.721702186201)"
"50163403","CARVEL / CINNABON","Manhattan","301","6 AVENUE","10014","2129012643",,"1900-01-01T00:00:00.000",,,,"Not Applicable",,,,"2025-10-22T06:00:14.000",,"40.730651274532","-74.00165252091","102","03","006700","1076793","1005890043","MN23","POINT (-74.00165252091 40.730651274532)"
"41380885","MAMA TINA'S PIZZA","Manhattan","2649","FRDERICK DOUGLASS BOULEVARD",,"2123682820","Pizza","2025-09-26T00:00:00.000","Violations were cited in the following area(s).","04M","Live roaches in facility's food or non-food area.","Critical","33",,,"2025-10-22T06:00:09.000","Cycle Inspection / Initial Inspection","0","0",,,,,"1",,
"50127792","BKLYN BITES","Queens","4702","METROPOLITAN AVE","11385","9292590103",,"1900-01-01T00:00:00.000",,,,"Not Applicable",,,,"2025-10-22T06:00:14.000",,"40.713776312843","-73.920446640199","405","34","053900","4080418","4033750001","QN20","POINT (-73.920446640199 40.713776312843)"
"50152404","MI CASA ARGENTINA","Brooklyn","550","COURT STREET","11231","3475173789",,"1900-01-01T00:00:00.000",,,,"Not Applicable",,,,"2025-10-22T06:00:14.000",,"40.675042225922","-73.999433998646","306","39","006500","3005704","3003820031","BK33","POINT (-73.999433998646 40.675042225922)"
"50150368","MACC","Manhattan","51","WEST  106 STREET","10025","6463026359",,"1900-01-01T00:00:00.000",,,,"Not Applicable",,,,"2025-10-22T06:00:14.000",,"40.798824724933","-73.961873482878","107","07","019300","1055650","1018420013","MN09","POINT (-73.961873482878 40.798824724933)"
"41195033","SARKU JAPAN","Queens","90-15","QUEENS BOULEVARD","11373","7186998700","Japanese","2023-10-16T00:00:00.000","Violations were cited in the following area(s).","04M","Live roaches in facility's food or non-food area.","Critical","34","C","2023-10-16T00:00:00.000","2025-10-22T06:00:09.000","Cycle Inspection / Re-inspection","40.733840182011","-73.871577033806","404","25","068300","4045999","4018600100","QN29","POINT (-73.871577033806 40.733840182011)"
"50115887","TERIYAKI R US","Manhattan","150","WEST   49 STREET","10019","9293326663","Asian/Asian Fusion","2025-05-22T00:00:00.000","No violations were recorded at the time of this inspection.",,,"Not Applicable",,,,"2025-10-22T06:00:09.000","Administrative Miscellaneous / Re-inspection","40.7598596835","-73.982334066518","105","04","012500","1022695","1010010058","MN17","POINT (-73.982334066518 40.7598596835)"
"50151025","CHUANYUE BAR","Queens","13812","NORTHERN BLVD","11354","6462365037",,"1900-01-01T00:00:00.000",,,,"Not Applicable",,,,"2025-10-22T06:00:14.000",,"40.76401894318","-73.827650576514","407","20","086500","4113290","4050107505","QN22","POINT (-73.827650576514 40.76401894318)"
"50164810","HEYTEA @ ALEXANDER WANG","Manhattan","103","GRAND STREET","10013","9295265564",,"1900-01-01T00:00:00.000",,,,"Not Applicable",,,,"2025-10-22T06:00:14.000",,"40.72132730372","-74.001634250739","102","01","004700","1002997","1002300030","MN24","POINT (-74.001634250739 40.72132730372)"
"50107047","KING BARKA","Manhattan","2733","FREDERICK DOUGLASS BOULEVARD",,"3476418572","Caribbean","2023-02-17T00:00:00.000","Violations were cited in the following area(s).","04M","Live roaches in facility's food or non-food area.","Critical","31",,,"2025-10-22T06:00:09.000","Cycle Inspection / Initial Inspection","0","0",,,,,"1",,
"50111558","PIER SIDE CAFE","Manhattan","1","INTREPID SQ",,"9172843261",,"1900-01-01T00:00:00.000",,,,"Not Applicable",,,,"2025-10-22T06:00:14.000",,"0","0",,,,,"1",,
"50177865","MISTER CHEEKS","Brooklyn","347","COURT STREET","11231","5123478777",,"1900-01-01T00:00:00.000",,,,"Not Applicable",,,,"2025-10-22T06:00:14.000",,"40.682225233381","-73.995951030251","306","39","007500","3007222","3004350008","BK33","POINT (-73.995951030251 40.682225233381)"
"41267879","PIER I CAFE","Manhattan","PIER I","WEST 70 STREET",,"2123624450","American","2022-04-22T00:00:00.000","Violations were cited in the following area(s).","10J","Hand wash sign not posted","Not Critical","10","A","2022-04-22T00:00:00.000","2025-10-22T06:00:09.000","Cycle Inspection / Initial Inspection","0","0",,,,,"1",,
"50168824","PARCHE LATINO","Queens","6915","51ST AVE","11377","7186789681",,"1900-01-01T00:00:00.000",,,,"Not Applicable",,,,"2025-10-22T06:00:14.000",,"40.735324683075","-73.895497731126","402","26","048900","4056381","4024380048","QN50","POINT (-73.895497731126 40.735324683075)"
"50174544","CHOP & GO","Manhattan","750","AVE AMERICAS",,"2123002870",,"1900-01-01T00:00:00.000",,,,"Not Applicable",,,,"2025-10-22T06:00:14.000",,"0","0",,,,,"1",,
"50166333","MONTGOMERY DELI INC","Staten Island","137","MONTGOMERY AVENUE","10301","3475226268",,"1900-01-01T00:00:00.000",,,,"Not Applicable",,,,"2025-10-22T06:00:14.000",,"40.638880599643","-74.078080118633","501","49","000300","5095122","5000160004","SI22","POINT (-74.078080118633 40.638880599643)"
"50146050","BITCOIN STEAKHOUSE","Manhattan","3775","10 AVENUE","10034","6466670725",,"1900-01-01T00:00:00.000",,,,"Not Applicable",,,,"2025-10-22T06:00:14.000",,"40.861351149422","-73.921184087598","112","10","029900","1064490","1021990001","MN01","POINT (-73.921184087598 40.861351149422)"
"50173090","COINBASE","Manhattan","1","MADISON AVENUE","10010","3019874000",,"1900-01-01T00:00:00.000",,,,"Not Applicable",,,,"2025-10-22T06:00:14.000",,"40.740902347364","-73.987947003618","105","02","005600","1088749","1008530002","MN13","POINT (-73.987947003618 40.740902347364)"
"50156071","IL PITTINO","Manhattan","268","6 AVENUE","10014","2129823300",,"1900-01-01T00:00:00.000",,,,"Not Applicable",,,,"2025-10-22T06:00:14.000",,"40.729322795774","-74.002356057989","102","03","006500","1008297","1005260016","MN23","POINT (-74.002356057989 40.729322795774)"
"50176968","DURAR CAFE INC","Manhattan","996","AMSTERDAM AVENUE","10025","9172083240",,"1900-01-01T00:00:00.000",,,,"Not Applicable",,,,"2025-10-22T06:00:14.000",,"40.802525393567","-73.964197505931","107","07","019500","1056712","1018810029","MN09","POINT (-73.964197505931 40.802525393567)"
"50063114","THE ROOF","Manhattan","215","CHRYSTIE ST/PUBLIC ARTS",,"2127356000","American","2025-03-04T00:00:00.000","Violations were cited in the following area(s).","02B","Hot TCS food item not held at or above 140 °F.","Critical","20",,,"2025-10-22T06:00:09.000","Cycle Inspection / Initial Inspection","0","0",,,,,"1",,
"50165849","BB36609BB LLC","Manhattan","366","WEST   46 STREET","10036","2126732273",,"1900-01-01T00:00:00.000",,,,"Not Applicable",,,,"2025-10-22T06:00:14.000",,"40.760524811712","-73.989690557505","104","03","012100","1025034","1010360159","MN15","POINT (-73.989690557505 40.760524811712)"
"50171769","ATL WING SPOT","Queens","8717","LEFFERTS BLVD","11418","5164107316",,"1900-01-01T00:00:00.000",,,,"Not Applicable",,,,"2025-10-22T06:00:14.000",,"40.699576237864","-73.830670512127","409","29","014400","4195980","4093290088","QN54","POINT (-73.830670512127 40.699576237864)"
"50147566","TACOS EL JAGUAR","Brooklyn","158","AVENUE U","11223","9292999772",,"1900-01-01T00:00:00.000",,,,"Not Applicable",,,,"2025-10-22T06:00:14.000",,"40.596396683848","-73.97835173995","315","43","039800","3192460","3071200001","BK26","POINT (-73.97835173995 40.596396683848)"
"50175766","EL ENCEBOLLADO DE VICTOR 4 CORP","Queens","9809","37TH AVE","11368","6464745263",,"1900-01-01T00:00:00.000",,,,"Not Applicable",,,,"2025-10-22T06:00:14.000",,"40.752076120979","-73.868899739783","403","21","040900","4043168","4017390032","QN26","POINT (-73.868899739783 40.752076120979)"
"50143475","GEMINI SOUP BOWL","Queens","10708","ROCKAWAY BLVD","11417","7186799962",,"1900-01-01T00:00:00.000",,,,"Not Applicable",,,,"2025-10-22T06:00:14.000",,"40.678322480378","-73.831900009287","410","32","086400","4247860","4114820033","QN55","POINT (-73.831900009287 40.678322480378)"
"50122709","CARIBBEAN KRAVE","Manhattan","1980","ADAM CLAYTON POWELL JR BOULEVARD",,"6463559905","Caribbean","2024-07-05T00:00:00.000","Violations were cited in the following area(s).","09B","Thawing procedure improper.","Not Critical","17",,,"2025-10-22T06:00:09.000","Cycle Inspection / Initial Inspection","0","0",,,,,"1",,
"50148695","DURGA DONUT LLC","Manhattan","2907","BROADWAY","10025","7187861844",,"1900-01-01T00:00:00.000",,,,"Not Applicable",,,,"2025-10-22T06:00:14.000",,"40.806338133425","-73.965127405919","109","07","019900","1057350","1018950055","MN09","POINT (-73.965127405919 40.806338133425)"
"50150842","CEGM (CONNECTOR LEVEL)","Queens","LAGUARDIA","AIRPORT","11371","2159970667",,"1900-01-01T00:00:00.000",,,,"Not Applicable",,,,"2025-10-22T06:00:14.000",,,,,,,,,,
"50168691","MIZNON AT HUDSON YARDS LLC","Manhattan","20","HUDSON YARDS","10001","9178177600",,"1900-01-01T00:00:00.000",,,,"Not Applicable",,,,"2025-10-22T06:00:14.000",,"40.753037571144","-74.000281528635","104","03","009900","1088961","1007027501","MN13","POINT (-74.000281528635 40.753037571144)"
"40380164","CUCHIFRITOS","Bronx","158","E. 188 TH ST",,"7183674500","Spanish","2024-07-29T00:00:00.000","No violations were recorded at the time of this inspection.",,,"Not Applicable",,,,"2025-10-22T06:00:09.000","Administrative Miscellaneous / Initial Inspection","0","0",,,,,"2",,
"50173432","BROOKLYN BREAD","Brooklyn","347","7 AVENUE","11215","9179031517",,"1900-01-01T00:00:00.000",,,,"Not Applicable",,,,"2025-10-22T06:00:14.000",,"40.666372807412","-73.981994854068","306","39","015100","3026052","3010920073","BK37","POINT (-73.981994854068 40.666372807412)"
"50147466","SHAKEN NOT STIRRED","Manhattan","1113","1 AVENUE","10065","4046411973",,"1900-01-01T00:00:00.000",,,,"Not Applicable",,,,"2025-10-22T06:00:14.000",,"40.760949577489","-73.961007242926","108","05","011000","1044235","1014360023","MN31","POINT (-73.961007242926 40.760949577489)"
"50174843","TAQUERIA EL CHATO","Brooklyn","620","MANHATTAN AVENUE","11222","3475856531",,"1900-01-01T00:00:00.000",,,,"Not Applicable",,,,"2025-10-22T06:00:14.000",,"40.723427394773","-73.950581289259","301","33","056900","3066766","3026800052","BK76","POINT (-73.950581289259 40.723427394773)"
"50176562","SHOBU RAMEN & IZAKAYA","Queens","15315","UNION TPKE","11367","7318030906",,"1900-01-01T00:00:00.000",,,,"Not Applicable",,,,"2025-10-22T06:00:14.000",,"40.719540166733","-73.810377755164","408","24","077904","4147712","4068160072","QN37","POINT (-73.810377755164 40.719540166733)"
"50172483","KING WOK","Queens","6910","MYRTLE AVE","11385","7184563317",,"1900-01-01T00:00:00.000",,,,"Not Applicable",,,,"2025-10-22T06:00:14.000",,"40.701798377747","-73.88241900472","405","32","062900","4090355","4037040015","QN19","POINT (-73.88241900472 40.701798377747)"
"50170248","CHOCO WONKA","Queens","1227A","150TH ST","11357","7188083293",,"1900-01-01T00:00:00.000",,,,"Not Applicable",,,,"2025-10-22T06:00:14.000",,"40.790048604216","-73.814278670493","407","19","098100","4102668","4045170001","QN49","POINT (-73.814278670493 40.790048604216)"
"50166612","GS HOSPITALITY GROUP INC.","Brooklyn","3200","CONEY ISLAND AVENUE","11235","9175996178",,"1900-01-01T00:00:00.000",,,,"Not Applicable",,,,"2025-10-22T06:00:14.000",,"40.577776458007","-73.959631461289","313","48","036002","3245125","3086920019","BK19","POINT (-73.959631461289 40.577776458007)"
"50172117","MAYA TAQUERIA","Manhattan","115","AVENUE A","10009","7325352717",,"1900-01-01T00:00:00.000",,,,"Not Applicable",,,,"2025-10-22T06:00:14.000",,"40.726250225733","-73.983400120763","103","02","003200","1005842","1004350035","MN22","POINT (-73.983400120763 40.726250225733)"
"50159001","BB RICHMOND RD LLC","Staten Island","2110","RICHMOND ROAD","10306","7182335035",,"1900-01-01T00:00:00.000",,,,"Not Applicable",,,,"2025-10-22T06:00:14.000",,"40.581500348076","-74.111763129075","502","50","011402","5095447","5035780009","SI45","POINT (-74.111763129075 40.581500348076)"
"50150875","AUNTIE ANNE'STCCD","Queens",,"TERMINAL C CONCOURSE D","11371","2159970667",,"1900-01-01T00:00:00.000",,,,"Not Applicable",,,,"2025-10-22T06:00:14.000",,,,,,,,,,
"50175144","CARVEL","Queens","2024","MOTT AVE","11691","3476525588",,"1900-01-01T00:00:00.000",,,,"Not Applicable",,,,"2025-10-22T06:00:14.000",,"40.604358563734","-73.753067604506","414","31","103202","4623326","4155377501","QN15","POINT (-73.753067604506 40.604358563734)"
"50173088","EURO PALACE","Brooklyn","2085","CONEY ISLAND AVENUE","11223","3472588124",,"1900-01-01T00:00:00.000",,,,"Not Applicable",,,,"2025-10-22T06:00:14.000",,"40.60634220972","-73.961800159996","315","48","055400","3336488","3067940069","BK25","POINT (-73.961800159996 40.60634220972)"
"50165053","PHILADELPHIA GRILLE LLC","Brooklyn","10004","4 AVENUE","11209","7187532107",,"1900-01-01T00:00:00.000",,,,"Not Applicable",,,,"2025-10-22T06:00:14.000",,"40.612722489797","-74.033751771822","310","47","005602","3156122","3061370045","BK31","POINT (-74.033751771822 40.612722489797)"
"50178167","stars","Manhattan","139","E 12TH ST","10003","5712338555",,"1900-01-01T00:00:00.000",,,,"Not Applicable",,,,"2025-10-22T06:00:14.000",,"40.732421154955","-73.989236678335","103","02","004200","1009025","1005580036","MN22","POINT (-73.989236678335 40.732421154955)"
"50099398","LECHONERA POLLO SABROSO DEL VALLE RESTAURANT","Bronx","650B","WESTCHESTER AVENUE",,"3472977545","Spanish","2024-12-16T00:00:00.000","Violations were cited in the following area(s).","02B","Hot TCS food item not held at or above 140 °F.","Critical","37",,,"2025-10-22T06:00:09.000","Cycle Inspection / Initial Inspection","0","0",,,,"2004429","2026230194",,
"50176134","EMLAGHMORE LLC","Bronx","4342","KATONAH AVENUE","10470","6462210203",,"1900-01-01T00:00:00.000",,,,"Not Applicable",,,,"2025-10-22T06:00:14.000",,"40.900062984423","-73.867640883899","212","11","045102","2123269","2033870003","BX62","POINT (-73.867640883899 40.900062984423)"
"50171595","CHAPIYORK DELI","Brooklyn","4917","5 AVENUE","11220","3474713440",,"1900-01-01T00:00:00.000",,,,"Not Applicable",,,,"2025-10-22T06:00:14.000",,"40.645505238491","-74.009884406266","307","38","009800","3012960","3007840003","BK34","POINT (-74.009884406266 40.645505238491)"
"50174095","LIBERTY ONE BRONX LLC","Bronx","1530","BEACH AVENUE","10460","7182523200",,"1900-01-01T00:00:00.000",,,,"Not Applicable",,,,"2025-10-22T06:00:14.000",,"40.838413233596","-73.867319489833","209","18","021800","2028639","2039200044","BX08","POINT (-73.867319489833 40.838413233596)"
"50167425","NAPOLI PIZZA","Manhattan","1032","6 AVENUE","10018","9292197756",,"1900-01-01T00:00:00.000",,,,"Not Applicable",,,,"2025-10-22T06:00:14.000",,"40.752688090018","-73.985652943134","105","04","008400","1016019","1008400087","MN17","POINT (-73.985652943134 40.752688090018)"
"50168816","FIGO 4","Manhattan","1188","1 AVENUE","10065","3474355268",,"1900-01-01T00:00:00.000",,,,"Not Applicable",,,,"2025-10-22T06:00:14.000",,"40.763081707403","-73.95942846871","108","05","011600","1083902","1014590001","MN31","POINT (-73.95942846871 40.763081707403)"
"50170101","THE BOX","Manhattan","85","10 AVENUE","10011","7043286780",,"1900-01-01T00:00:00.000",,,,"Not Applicable",,,,"2025-10-22T06:00:14.000",,"40.743051881572","-74.007545997501","104","03","009900","1012277","1006870029","MN13","POINT (-74.007545997501 40.743051881572)"
"50124253","TACO VISTA (Governors Island)","Manhattan","125","CARDER ROAD","10004","3476139130",,"1900-01-01T00:00:00.000",,,,"Not Applicable",,,,"2025-10-22T06:00:14.000",,"40.691444266795","-74.012974367988","101","01","000500","1086418","1000010010","MN99","POINT (-74.012974367988 40.691444266795)"
"50161255","VANITYLIFECAFE","Manhattan","2053","FREDERICK DOUGLASS BOULEVARD",,"9175682517",,"1900-01-01T00:00:00.000",,,,"Not Applicable",,,,"2025-10-22T06:00:14.000",,"0","0",,,,,"1",,
"50163628","MR. BUBBLY","Manhattan","52","EAST    8 STREET","10003","6466561780",,"1900-01-01T00:00:00.000",,,,"Not Applicable",,,,"2025-10-22T06:00:14.000",,"40.731079291627","-73.993606362584","102","02","005900","1008837","1005480028","MN23","POINT (-73.993606362584 40.731079291627)"
"50172032","GUAC TIME ASTORIA LLC","Manhattan","245","WEST   46 STREET","10036","9178604544",,"1900-01-01T00:00:00.000",,,,"Not Applicable",,,,"2025-10-22T06:00:14.000",,"40.759204256088","-73.986535905027","105","03","012500","1024737","1010180006","MN17","POINT (-73.986535905027 40.759204256088)"
"50166379","26 BENVENUTO PIZZA CORP.","Bronx","26","WEST  183 STREET","10453","3474834937",,"1900-01-01T00:00:00.000",,,,"Not Applicable",,,,"2025-10-22T06:00:14.000",,"40.858725929446","-73.905002403301","205","14","025100","2014215","2031960058","BX36","POINT (-73.905002403301 40.858725929446)"
"50175132","PIETROS","Manhattan","890","2 AVENUE","10017","2126829760",,"1900-01-01T00:00:00.000",,,,"Not Applicable",,,,"2025-10-22T06:00:14.000",,"40.75324491455","-73.969688654977","106","04","009000","1038905","1013400001","MN19","POINT (-73.969688654977 40.75324491455)"
"50162886","FRESHII","Queens","TERMINAL C","LGA AIRPORT","11371","9173282791",,"1900-01-01T00:00:00.000",,,,"Not Applicable",,,,"2025-10-22T06:00:14.000",,,,,,,,,,
"50162242","ORBITAL KITCHENS EAST WILLIAMSBURG LLC","Brooklyn","356","DEVOE STREET","11211","6468086248",,"1900-01-01T00:00:00.000",,,,"Not Applicable",,,,"2025-10-22T06:00:14.000",,"40.713747613266","-73.935986521997","301","34","048100","3332345","3029240019","BK90","POINT (-73.935986521997 40.713747613266)"
"50173657","SAUTEED","Brooklyn","4006","13 AVENUE","11218","3475675419",,"1900-01-01T00:00:00.000",,,,"Not Applicable",,,,"2025-10-22T06:00:14.000",,"40.639957723781","-73.986996046249","312","39","022400","3135504","3055890040","BK88","POINT (-73.986996046249 40.639957723781)"
"41248866","BARAKA BUFFET","Manhattan","2546","FREDERICK DOUGLASS BOULEVARD",,"2124913502","African","2024-09-12T00:00:00.000","Violations were cited in the following area(s).","04M","Live roaches in facility's food or non-food area.","Critical","32",,,"2025-10-22T06:00:09.000","Cycle Inspection / Initial Inspection","0","0",,,,,"1",,
"50151390","RAJEEV YERNENI","Brooklyn","87","35 STREET","11232","9174761920",,"1900-01-01T00:00:00.000",,,,"Not Applicable",,,,"2025-10-22T06:00:14.000",,"40.656495580033","-74.006498188771","307","38","001800","3336900","3006870001","BK32","POINT (-74.006498188771 40.656495580033)"
"50167060","JR AND SON","Brooklyn","575","LORIMER STREET","11211","3475459259",,"1900-01-01T00:00:00.000",,,,"Not Applicable",,,,"2025-10-22T06:00:14.000",,"40.714209951658","-73.949408585019","301","34","050100","3068654","3027560029","BK90","POINT (-73.949408585019 40.714209951658)"
"50177166","CARIBBEAN FLAME CUISINE INC.","Queens","12608","111TH AVE","11420","3479897451",,"1900-01-01T00:00:00.000",,,,"Not Applicable",,,,"2025-10-22T06:00:14.000",,"40.682290067686","-73.814976545822","410","28","017200","4250742","4116310004","QN55","POINT (-73.814976545822 40.682290067686)"
"50147537","WAGYU PLACE","Queens","13529","37TH AVE","11354","7189731888",,"1900-01-01T00:00:00.000",,,,"Not Applicable",,,,"2025-10-22T06:00:14.000",,"40.761236661048","-73.831964288386","407","20","086900","4112257","4049710065","QN22","POINT (-73.831964288386 40.761236661048)"
"50178087","LA PEQUENA LECHONERA INC","Manhattan","254","EAST  125 STREET","10035","3472824394",,"1900-01-01T00:00:00.000",,,,"Not Applicable",,,,"2025-10-22T06:00:14.000",,"40.803179337488","-73.934621511696","111","08","024200","1054669","1017890029","MN34","POINT (-73.934621511696 40.803179337488)"
"50153750","AMERICAN AIRLINES, INC.","Queens","000","LAGURADIA AIRPORT",,"4124565110",,"1900-01-01T00:00:00.000",,,,"Not Applicable",,,,"2025-10-22T06:00:14.000",,"0","0",,,,,"4",,
"50164817","SOULJAH'S BISTRO LLC","Brooklyn","875","RUTLAND ROAD","11203","3472210554",,"1900-01-01T00:00:00.000",,,,"Not Applicable",,,,"2025-10-22T06:00:14.000",,"40.660644029378","-73.930537479079","317","41","088000","3099211","3045910041","BK60","POINT (-73.930537479079 40.660644029378)"
"50130631","Yong Sheng Garden Chinese Restaurant","Manhattan","2825","FRDRK DGLSS BLVD",,"2128622702","Chinese","2024-07-02T00:00:00.000","Violations were cited in the following area(s).","06F","Wiping cloths not stored clean and dry, or in a sanitizing solution, between uses.","Critical","82",,,"2025-10-22T06:00:09.000","Cycle Inspection / Initial Inspection","0","0",,,,,"1",,
"50176825","WINGSTOP","Brooklyn","700","UTICA AVENUE","11203","4195311818",,"1900-01-01T00:00:00.000",,,,"Not Applicable",,,,"2025-10-22T06:00:14.000",,"40.656200432069","-73.930870095305","317","41","086800","3100812","3046360006","BK96","POINT (-73.930870095305 40.656200432069)"
"50172628","LA DOLCE PASTRY SHOPPE, INC.","Staten Island","655","ROSSVILLE AVENUE","10309","7183569864",,"1900-01-01T00:00:00.000",,,,"Not Applicable",,,,"2025-10-22T06:00:14.000",,"40.542592288455","-74.208331211757","503","51","020801","5079747","5061450300","SI32","POINT (-74.208331211757 40.542592288455)"
"50167120","STUDIO 345A","Brooklyn","345","NOSTRAND AVENUE","11216","9293429246",,"1900-01-01T00:00:00.000",,,,"Not Applicable",,,,"2025-10-22T06:00:14.000",,"40.686433452573","-73.95077106939","303","36","025100","3426262","3018087501","BK75","POINT (-73.95077106939 40.686433452573)"
"50163017","BATYA’S KITCHEN","Brooklyn","2359","FLATBUSH AVENUE","11234","9173187299",,"1900-01-01T00:00:00.000",,,,"Not Applicable",,,,"2025-10-22T06:00:14.000",,"40.612629246628","-73.925696495235","318","46","067000","3240575","3085110006","BK45","POINT (-73.925696495235 40.612629246628)"
"50171418","JESSIE AND SONS FOOD SERVICES LLC","Queens","4366","11TH ST","11101","9176098760",,"1900-01-01T00:00:00.000",,,,"Not Applicable",,,,"2025-10-22T06:00:14.000",,"40.750525755115","-73.948987495635","402","26","001900","4439568","4004530001","QN31","POINT (-73.948987495635 40.750525755115)"
"50104962","EMPANADAS RD","Bronx","1971","DR MARTIN L KING JR BLVE",,"3477264990","Latin American","2024-03-13T00:00:00.000","Violations were cited in the following area(s).","08A","Establishment is not free of harborage or conditions conducive to rodents, insects or other pests.","Not Critical","16","B","2024-03-13T00:00:00.000","2025-10-22T06:00:09.000","Cycle Inspection / Re-inspection","0","0",,,,,"2",,
"50098716","EATALY NY LLC (KIOSK)","Manhattan","999","BROADWAY",,"3124685154","Pizza","2022-06-15T00:00:00.000","Violations were cited in the following area(s).","06F","Wiping cloths soiled or not stored in sanitizing solution.","Critical","0",,,"2025-10-22T06:00:09.000","Cycle Inspection / Initial Inspection","0","0",,,,,"1",,
"50121050","STEAM","Manhattan","470","6 AVENUE","10011","9176172111","Asian/Asian Fusion","2023-01-23T00:00:00.000","No violations were recorded at the time of this inspection.",,,"Not Applicable",,,,"2025-10-22T06:00:11.000","Administrative Miscellaneous / Initial Inspection","40.735654976226","-73.998065899608","102","02","006300","1080142","1005750003","MN23","POINT (-73.998065899608 40.735654976226)"
"50157160","KERO FITNESS LLC","Staten Island","591","FOREST AVENUE","10310","9177568948",,"1900-01-01T00:00:00.000",,,,"Not Applicable",,,,"2025-10-22T06:00:14.000",,"40.630107798728","-74.108919475084","501","49","010500","5004258","5001540140","SI35","POINT (-74.108919475084 40.630107798728)"
"50095517","LA GRANGE DELICE LLC","Brooklyn","1124","SURF AVENUE","11224","7327991352",,"1900-01-01T00:00:00.000",,,,"Not Applicable",,,,"2025-10-22T06:00:14.000",,"40.575495252044","-73.979056884272","313","47","035200","3000000","3086960037","BK21","POINT (-73.979056884272 40.575495252044)"
"50175418","W & L 88 INC","Manhattan","14","ELIZABETH STREET","10013","9295298898",,"1900-01-01T00:00:00.000",,,,"Not Applicable",,,,"2025-10-22T06:00:14.000",,"40.715835005553","-73.997406337566","103","01","002900","1084353","1002020025","MN27","POINT (-73.997406337566 40.715835005553)"
"50173837","SAN WEI","Manhattan","89","EAST   42 STREET","10017","9178594095",,"1900-01-01T00:00:00.000",,,,"Not Applicable",,,,"2025-10-22T06:00:14.000",,"40.752093933162","-73.977604354379","105","04","009200","1035381","1012800001","MN19","POINT (-73.977604354379 40.752093933162)"
"50161998","SUPER NICE PIZZA","Manhattan","196","WEST  108 STREET","10025","5168496039",,"1900-01-01T00:00:00.000",,,,"Not Applicable",,,,"2025-10-22T06:00:14.000",,"40.801660923586","-73.964602515389","107","07","019300","1055992","1018620061","MN09","POINT (-73.964602515389 40.801660923586)"
"50165049","J & E PARTY","Brooklyn","7819","17 AVENUE","11214","7182663088",,"1900-01-01T00:00:00.000",,,,"Not Applicable",,,,"2025-10-22T06:00:14.000",,"40.612944301822","-74.000313351176","311","43","027600","3162124","3062600004","BK28","POINT (-74.000313351176 40.612944301822)"
"50160435","TAQUERIA ALLENDE","Manhattan","2100","FREDERICK DOUGLASS BOULEVARD",,"9172800678",,"1900-01-01T00:00:00.000",,,,"Not Applicable",,,,"2025-10-22T06:00:14.000",,"0","0",,,,,"1",,
"41543970","PAUSE CAFE","Manhattan","3","CLINTON SREET",,"2126775415","Middle Eastern","2022-02-28T00:00:00.000","Violations were cited in the following area(s).","10E","Accurate thermometer not provided in refrigerated or hot holding equipment.","Not Critical","42","C","2022-02-28T00:00:00.000","2025-10-22T06:00:09.000","Cycle Inspection / Re-inspection","0","0",,,,,"1",,
"50177843","YEMENI STAR RESTAURANT CORP","Bronx","2550","BOSTON ROAD","10467","9293515545",,"1900-01-01T00:00:00.000",,,,"Not Applicable",,,,"2025-10-22T06:00:14.000",,"40.864396367129","-73.863876192448","211","13","032800",,"2","BX07","POINT (-73.863876192448 40.864396367129)"
"50099560","SWEET SWEET SUES INC.","Staten Island","140","MAIN STREET","10307","7189662253",,"1900-01-01T00:00:00.000",,,,"Not Applicable",,,,"2025-10-22T06:00:14.000",,"40.511349008624","-74.249101331725","503","51","024800","5095773","5080280067","SI11","POINT (-74.249101331725 40.511349008624)"
"50169289","TEPPANYAKI ONE","Queens","4017","QUEENS BLVD","11104","5164032988",,"1900-01-01T00:00:00.000",,,,"Not Applicable",,,,"2025-10-22T06:00:14.000",,"40.743781775659","-73.924012295227","402","26","018101","4002492","4001890045","QN31","POINT (-73.924012295227 40.743781775659)"
"50177555","ATOMIC WINGS","Bronx","4724","3 AVENUE","10458","3474314601",,"1900-01-01T00:00:00.000",,,,"Not Applicable",,,,"2025-10-22T06:00:14.000",,"40.859484895713","-73.891130010833","206","15","038700","2129656","2000000000","BX06","POINT (-73.891130010833 40.859484895713)"
"50107477","THE CHICKEN SHACK","Queens","3619","BROADWAY","11106","7187213035","Chicken","2025-09-03T00:00:00.000","Establishment re-opened by DOHMH.",,,"Not Applicable","0","Z","2025-09-03T00:00:00.000","2025-10-22T06:00:09.000","Cycle Inspection / Reopening Inspection","40.759913443018","-73.920990536259","401","22","006100","4009833","4006490001","QN70","POINT (-73.920990536259 40.759913443018)"
"50164856","CAFE CALACA","Brooklyn","505","FRANKLIN AVENUE","11238","3473227054",,"1900-01-01T00:00:00.000",,,,"Not Applicable",,,,"2025-10-22T06:00:14.000",,"40.681412530704","-73.955714257245","303","36","022700","3057439","3019990042","BK69","POINT (-73.955714257245 40.681412530704)"
"50121215","J'S KITCHEN NEW YORK","Manhattan","261","1 AVENUE","10003","9172620434","Japanese","2025-04-26T00:00:00.000","No violations were recorded at the time of this inspection.",,,"Not Applicable","0",,,"2025-10-22T06:00:09.000","Inter-Agency Task Force / Initial Inspection","40.7320908592","-73.981894039686","106","02","004800","1020421","1009220020","MN21","POINT (-73.981894039686 40.7320908592)"
"50175873","El Mariachy Deli","Brooklyn","1201","FLUSHING AVE","11237","3474086374",,"1900-01-01T00:00:00.000",,,,"Not Applicable",,,,"2025-10-22T06:00:14.000",,"40.707026977846","-73.924591773798","301","34","045300","3325713","3030070003","BK77","POINT (-73.924591773798 40.707026977846)"
"50174770","LEON'S BAGELS JOHN LLC","Manhattan","12","JOHN STREET","10038","9179290448",,"1900-01-01T00:00:00.000",,,,"Not Applicable",,,,"2025-10-22T06:00:14.000",,"40.709996550054","-74.009100465865","101","01","001502","1001103","1000650020","MN25","POINT (-74.009100465865 40.709996550054)"
"50167827","MR. NANCY'S","Queens","702","SENECA AVENUE","11385","9714095057",,"1900-01-01T00:00:00.000",,,,"Not Applicable",,,,"2025-10-22T06:00:14.000",,"40.702718946098","-73.907562654573","405","34","054900","4082577","4034560026","QN20","POINT (-73.907562654573 40.702718946098)"
"50172917","NAYA HUDSON YARDS LLC","Manhattan","20","HUDSON YARDS","10001","2125979168",,"1900-01-01T00:00:00.000",,,,"Not Applicable",,,,"2025-10-22T06:00:14.000",,"40.753037571144","-74.000281528635","104","03","009900","1088961","1007027501","MN13","POINT (-74.000281528635 40.753037571144)"
"50175117","AYAHA OTSUKA","Brooklyn","151","NORTH    7 STREET","11249","3478767575",,"1900-01-01T00:00:00.000",,,,"Not Applicable",,,,"2025-10-22T06:00:14.000",,"40.71805337724","-73.958070727566","301","33","055300","3061929","3023190026","BK73","POINT (-73.958070727566 40.71805337724)"
"50173775","LIN & DAUGHTERS","Manhattan","55","WEST   26 STREET","10010","5166735686",,"1900-01-01T00:00:00.000",,,,"Not Applicable",,,,"2025-10-22T06:00:14.000",,"40.744588835621","-73.9908983996","105","03","005800","1015632","1008280001","MN13","POINT (-73.9908983996 40.744588835621)"
"50171131","WINGS HILLEL PLACE INC","Brooklyn","3","HILLEL PLACE","11210","5166557659",,"1900-01-01T00:00:00.000",,,,"Not Applicable",,,,"2025-10-22T06:00:14.000",,"40.632768984018","-73.947849297173","314","45","077400","3205873","3075570068","BK42","POINT (-73.947849297173 40.632768984018)"
"50168781","EUDIS BATISTA","Queens","1907","FLUSHING AVENUE","11385","9294308995",,"1900-01-01T00:00:00.000",,,,"Not Applicable",,,,"2025-10-22T06:00:14.000",,"40.71255341304","-73.918345141375","405","34","053900","4080424","4033750088","QN20","POINT (-73.918345141375 40.71255341304)"
"50176837","OASIS CAFE","0","N/A","N/A","N/A","3473934433",,"1900-01-01T00:00:00.000",,,,"Not Applicable",,,,"2025-10-22T06:00:14.000",,,,,,,,,,
"50172084","misueno","Queens","7713","JAMAICA AVE","11421","3475810611",,"1900-01-01T00:00:00.000",,,,"Not Applicable",,,,"2025-10-22T06:00:14.000",,"40.691741069029","-73.864594249939","409","32","000200","4181051","4088410145","QN53","POINT (-73.864594249939 40.691741069029)"
"40741728","WALLSE","Manhattan","342344","WEST 11 STREET",,"2123522300","German","2023-05-02T00:00:00.000","Violations were cited in the following area(s).","02B","Hot TCS food item not held at or above 140 °F.","Critical","18",,,"2025-10-22T06:00:09.000","Cycle Inspection / Initial Inspection","0","0",,,,,"1",,
"50165166","PANCA BK","Manhattan","593A","VANDERBILT AVE",,"9178253305",,"1900-01-01T00:00:00.000",,,,"Not Applicable",,,,"2025-10-22T06:00:14.000",,"0","0",,,,,"1",,
"50177834","RAMEN BY RA LLC","Manhattan","70","EAST    1 STREET","10003","2023200024",,"1900-01-01T00:00:00.000",,,,"Not Applicable",,,,"2025-10-22T06:00:14.000",,"40.723407299294","-73.988772742482","103","02","003602","1006099","1004430040","MN22","POINT (-73.988772742482 40.723407299294)"
"50172203","KOI NOLITA LLC","Manhattan","248","MOTT STREET","10012","5303604717",,"1900-01-01T00:00:00.000",,,,"Not Applicable",,,,"2025-10-22T06:00:14.000",,"40.723388514812","-73.994739930336","102","01","004300","1077769","1005080001","MN24","POINT (-73.994739930336 40.723388514812)"
"40392872","MOLLY'S","Manhattan","287","3 AVENUE","10010","2128893361","Irish","2025-07-14T00:00:00.000","No violations were recorded at the time of this inspection.",,,"Not Applicable",,,,"2025-10-22T06:00:09.000","Administrative Miscellaneous / Initial Inspection","40.738373862011","-73.983465650986","106","02","006400","1019650","1009030003","MN21","POINT (-73.983465650986 40.738373862011)"
"50167321","CITIZENS BANK","Manhattan","1301","AVENUE OF THE AMERICAS","10019","4152162103",,"1900-01-01T00:00:00.000",,,,"Not Applicable",,,,"2025-10-22T06:00:14.000",,"40.761237073224","-73.979456699065","105","04","013100","1023161","1010050029","MN17","POINT (-73.979456699065 40.761237073224)"
"41443837","NEIR'S TAVERN","Queens","8748","78 STREET","11421","7182960600","American","2024-10-19T00:00:00.000","No violations were recorded at the time of this inspection.",,,"Not Applicable","0",,,"2025-10-22T06:00:09.000","Inter-Agency Task Force / Initial Inspection","40.690238354079","-73.863479474021","409","30","000400","4183202","4089080041","QN53","POINT (-73.863479474021 40.690238354079)"
"50163889","Damballa","Brooklyn","895","BROADWAY","11206","9177471037",,"1900-01-01T00:00:00.000",,,,"Not Applicable",,,,"2025-10-22T06:00:14.000",,"40.697941008071","-73.936946620567","304","34","038900","3071783","3031360003","BK78","POINT (-73.936946620567 40.697941008071)"
"50152286","SHAJI BBQ","Queens","4173A","BOWNE ST","11355","__________",,"1900-01-01T00:00:00.000",,,,"Not Applicable",,,,"2025-10-22T06:00:14.000",,"40.757670986413","-73.822693035115","407","20","085700","4117064","4051830008","QN22","POINT (-73.822693035115 40.757670986413)"
"50173478","8 BILLIARDS AND BAR LLC","Brooklyn","4008","8 AVENUE","11232","6465933111",,"1900-01-01T00:00:00.000",,,,"Not Applicable",,,,"2025-10-22T06:00:14.000",,"40.646600815185","-73.998010834056","307","38","009000","3337402","3009190036","BK34","POINT (-73.998010834056 40.646600815185)"
"41543970","PAUSE CAFE","Manhattan","3","CLINTON SREET",,"2126775415","Middle Eastern","2023-05-25T00:00:00.000","Violations were cited in the following area(s).","08A","Establishment is not free of harborage or conditions conducive to rodents, insects or other pests.","Not Critical","15","B","2023-05-25T00:00:00.000","2025-10-22T06:00:09.000","Cycle Inspection / Re-inspection","0","0",,,,,"1",,
"50172771","AZ&G INC","Queens","13333","39TH AVE","11354","7188198818",,"1900-01-01T00:00:00.000",,,,"Not Applicable",,,,"2025-10-22T06:00:14.000",,"40.759109919719","-73.834160749112","407","20","087100","4000000","4049727504","QN22","POINT (-73.834160749112 40.759109919719)"
"50154476","EDEN VALLEY GOLF LLC","0","10401","SISSON HWY","14057","6476321088",,"1900-01-01T00:00:00.000",,,,"Not Applicable",,,,"2025-10-22T06:00:14.000",,,,,,,,,,
"50169163","LUCKY DRAGON","Manhattan","1580","YORK AVENUE","10028","6466697999",,"1900-01-01T00:00:00.000",,,,"Not Applicable",,,,"2025-10-22T06:00:14.000",,"40.774174325259","-73.948388020914","108","05","013600","1051179","1015800002","MN32","POINT (-73.948388020914 40.774174325259)"
"50176247","ELPIS","Manhattan","308","EAST  116 STREET","10029","7187081269",,"1900-01-01T00:00:00.000",,,,"Not Applicable",,,,"2025-10-22T06:00:14.000",,"40.796760828471","-73.937235503061","111","08","018800","1052929","1016870046","MN34","POINT (-73.937235503061 40.796760828471)"
"50170440","T&Y KITCHEN","Brooklyn","194","STATE STREET","11201","9179304561",,"1900-01-01T00:00:00.000",,,,"Not Applicable",,,,"2025-10-22T06:00:14.000",,"40.690478601278","-73.992589789183","302","33","000900","3002795","3002760041","BK09","POINT (-73.992589789183 40.690478601278)"
"50167682","YAMADA","Manhattan","16","ELIZABETH ST","10013","2129418000",,"1900-01-01T00:00:00.000",,,,"Not Applicable",,,,"2025-10-22T06:00:14.000",,"40.715887155414","-73.997373869632","103","01","002900",,"1","MN27","POINT (-73.997373869632 40.715887155414)"
"41482516","SHANGERILA RESTAURANT","Bronx","289395","BUHRE AVENUE",,"7188286080","Japanese","2022-04-28T00:00:00.000","Violations were cited in the following area(s).","09C","Food contact surface not properly maintained.","Not Critical","21",,,"2025-10-22T06:00:09.000","Cycle Inspection / Initial Inspection","0","0",,,,,"2",,
"50171553","DOGS OF DELANCEY LLC","Manhattan","99","ALLEN STREET","10002","9298665045",,"1900-01-01T00:00:00.000",,,,"Not Applicable",,,,"2025-10-22T06:00:14.000",,"40.718680978551","-73.990653035546","103","01","001800","1005460","1004140021","MN27","POINT (-73.990653035546 40.718680978551)"
"50171391","LAS MARAVILLAS DE NEZA","Queens","4216","GREENPOINT AVE","11104","9177703849",,"1900-01-01T00:00:00.000",,,,"Not Applicable",,,,"2025-10-22T06:00:14.000",,"40.740542118286","-73.922760189453","402","26","018502","4002133","4001750012","QN31","POINT (-73.922760189453 40.740542118286)"
"50177251","MOGADOR AT KITH IVY","Manhattan","120","LEROY STREET","10014","6468534708",,"1900-01-01T00:00:00.000",,,,"Not Applicable",,,,"2025-10-22T06:00:14.000",,"40.730291461818","-74.007728560278","102","03","006900","1010393","1006010047","MN23","POINT (-74.007728560278 40.730291461818)"
"50177915","BAR RESTAURANTE SANTA ANA CORP.","Queens","99-09","37 AVENUE","11368","7186390222",,"1900-01-01T00:00:00.000",,,,"Not Applicable",,,,"2025-10-22T06:00:14.000",,"40.752313901139","-73.868014989997","403","21","040700","4043211","4017400032","QN26","POINT (-73.868014989997 40.752313901139)"
"50166957","OLMO","Brooklyn","103","SARATOGA AVENUE","11233","7185411430",,"1900-01-01T00:00:00.000",,,,"Not Applicable",,,,"2025-10-22T06:00:14.000",,"40.683186288397","-73.917234675717","316","41","037300","3337910","3015060001","BK79","POINT (-73.917234675717 40.683186288397)"
"50152037","NAYA BRYANT PARK LLC","Manhattan","500","5 AVENUE","10110","2125979184",,"1900-01-01T00:00:00.000",,,,"Not Applicable",,,,"2025-10-22T06:00:14.000",,"40.75353552087","-73.980855909009","105","04","009600","1034199","1012580034","MN17","POINT (-73.980855909009 40.75353552087)"
"40557901","LA ISLA CUCHIFRITOS","Bronx","15221524","WESTCHESTER AVENUE",,"7188937591","Latin American","2023-05-17T00:00:00.000","No violations were recorded at the time of this inspection.",,,"Not Applicable",,,,"2025-10-22T06:00:09.000","Administrative Miscellaneous / Initial Inspection","0","0",,,,,"2",,
"50100420","SOHO DINER","Manhattan","320","WEST BROADWAY","10013","2129653091","American","2023-03-08T00:00:00.000","No violations were recorded at the time of this inspection.",,,"Not Applicable",,,,"2025-10-22T06:00:11.000","Calorie Posting / Initial Inspection","40.721906385162","-74.004177657535","102","01","004700","1087764","1002270028","MN24","POINT (-74.004177657535 40.721906385162)"
"50047488","SPICE","Manhattan","39","EAST   13 STREET","10003","2129823758","Thai","2024-12-16T00:00:00.000","Establishment re-opened by DOHMH.",,,"Not Applicable","0",,,"2025-10-22T06:00:09.000","Cycle Inspection / Reopening Inspection","40.734394861981","-73.991931779136","102","02","006100","1009213","1005650002","MN23","POINT (-73.991931779136 40.734394861981)"
"50162726","LE BOTANISTE","Manhattan","11","PENN PLZ","10001","3478044095",,"1900-01-01T00:00:00.000",,,,"Not Applicable",,,,"2025-10-22T06:00:14.000",,"40.749394979358","-73.991774762274","105","03","010100","1015175","1008070001","MN17","POINT (-73.991774762274 40.749394979358)"
"50133002","STARBUCKS","Queens","L2-2339","LAGUARDIA AIRPORT","11371","2018218189",,"1900-01-01T00:00:00.000",,,,"Not Applicable",,,,"2025-10-22T06:00:14.000",,"40.774414029772","-73.877293351848",,,,,,,"POINT (-73.877293351848 40.774414029772)"
"50163091","AUBI & RAMSA","Manhattan","101","WEST   10 STREET","10011","3056132735",,"1900-01-01T00:00:00.000",,,,"Not Applicable",,,,"2025-10-22T06:00:14.000",,"40.734831558279","-73.998931927959","102","03","007100","1010553","1006060073","MN23","POINT (-73.998931927959 40.734831558279)"
"50143389","CHAMPION PIZZA REGO PARK INC.","Queens","2034","GREEN ACRES MALL",,"9176895663",,"1900-01-01T00:00:00.000",,,,"Not Applicable",,,,"2025-10-22T06:00:14.000",,"0","0",,,,,"4",,
"50171411","3 KINGZ PIZZA LLC","Queens","11408","MERRICK BLVD","11434","3472334714",,"1900-01-01T00:00:00.000",,,,"Not Applicable",,,,"2025-10-22T06:00:14.000",,"40.691281262436","-73.77893481784","412","27","026600","4267207","4123340298","QN01","POINT (-73.77893481784 40.691281262436)"
"50176807","BLOSSOM KITCHEN LLC","Brooklyn","707","NOSTRAND AVENUE","11216","7184931375",,"1900-01-01T00:00:00.000",,,,"Not Applicable",,,,"2025-10-22T06:00:14.000",,"40.673038695638","-73.950189775127","308","36","031701","3031523","3012410003","BK61","POINT (-73.950189775127 40.673038695638)"
"50177944","Superwow Coffee","Manhattan","41","DIVISION STREET","10002","4088586725",,"1900-01-01T00:00:00.000",,,,"Not Applicable",,,,"2025-10-22T06:00:14.000",,"40.714146917613","-73.995595575357","103","01","000800","1003513","1002810044","MN27","POINT (-73.995595575357 40.714146917613)"
"50177591","JENNYY'S BAKERY DELI CORP","Queens","17107","JAMAICA AVE","11432","7187250090",,"1900-01-01T00:00:00.000",,,,"Not Applicable",,,,"2025-10-22T06:00:14.000",,"40.707512583291","-73.788424581627","412","27","046200","4310511","4098060008","QN61","POINT (-73.788424581627 40.707512583291)"
"50108893","LIFE CAFE","Manhattan","60","WEST   23 STREET","10010","2123818900","Other","2024-10-04T00:00:00.000","No violations were recorded at the time of this inspection.",,,"Not Applicable","0",,,"2025-10-22T06:00:11.000","Cycle Inspection / Initial Inspection","40.742313468454","-73.991429199103","105","03","005800","1086050","1008240011","MN13","POINT (-73.991429199103 40.742313468454)"
"50164112","TERI'S PIZZERIA INC.","Brooklyn","7901","17 AVENUE","11214","1917657565",,"1900-01-01T00:00:00.000",,,,"Not Applicable",,,,"2025-10-22T06:00:14.000",,"40.61251885803","-74.000756360068","311","43","027600","3162719","3062720010","BK28","POINT (-74.000756360068 40.61251885803)"
"41344229","GRACE PIZZA","Queens","7005","MYRTLE AVENUE","11385","7184176018","Pizza","2025-03-26T00:00:00.000","Violations were cited in the following area(s).","02B","Hot TCS food item not held at or above 140 °F.","Critical","23",,,"2025-10-22T06:00:09.000","Cycle Inspection / Initial Inspection","40.701936801325","-73.880907607862","405","30","062500","4089755","4036860057","QN19","POINT (-73.880907607862 40.701936801325)"
"50113500","THE CORNER LOUNGE","Manhattan","32","EAST  130 STREET","10037","9174090555",,"1900-01-01T00:00:00.000",,,,"Not Applicable",,,,"2025-10-22T06:00:14.000",,"40.809126817658","-73.938903560863","111","09","020600","1054246","1017540058","MN03","POINT (-73.938903560863 40.809126817658)"
"50161451","ONE TENNESSEE LLC","Manhattan","54","WEST   39 STREET","10018","6467670200",,"1900-01-01T00:00:00.000",,,,"Not Applicable",,,,"2025-10-22T06:00:14.000",,"40.752281644388","-73.983981924918","105","04","008400","1016016","1008400078","MN17","POINT (-73.983981924918 40.752281644388)"
"50171309","TENGRI TAGH UYGHUR CUISINE","Manhattan","144","WEST   37 STREET","10018","6177749546",,"1900-01-01T00:00:00.000",,,,"Not Applicable",,,,"2025-10-22T06:00:14.000",,"40.752433115397","-73.988179514307","105","03","010900","1015248","1008120068","MN17","POINT (-73.988179514307 40.752433115397)"
"50144537","Sesame Bakery","Brooklyn","5024","13 AVENUE","11219","7184270000","Jewish/Kosher","2024-08-22T00:00:00.000","Violations were cited in the following area(s).","02B","Hot TCS food item not held at or above 140 °F.","Critical","31","C","2024-08-22T00:00:00.000","2025-10-22T06:00:09.000","Cycle Inspection / Re-inspection","40.634284776915","-73.992895093271","312","44","022000","3138047","3056480038","BK88","POINT (-73.992895093271 40.634284776915)"
"50170161","BOBA WHALE LLC","Manhattan","958","LEXINGTON AVENUE","10021","7186647465",,"1900-01-01T00:00:00.000",,,,"Not Applicable",,,,"2025-10-22T06:00:14.000",,"40.769017155846","-73.963237221916","108","04","012000","1042509","1014040057","MN40","POINT (-73.963237221916 40.769017155846)"
"50163311","COPAS LOUNGE","Bronx","894","EAST TREMONT AVENUE","10460","6465334509",,"1900-01-01T00:00:00.000",,,,"Not Applicable",,,,"2025-10-22T06:00:14.000",,"40.84216471092","-73.884577009534","206","15","035900","2010623","2029850045","BX17","POINT (-73.884577009534 40.84216471092)"
"50046460","LIN'S GARDEN","Brooklyn","175","4 AVENUE","11217","7183991666","Chinese","2023-11-06T00:00:00.000","Violations were cited in the following area(s).","02B","Hot TCS food item not held at or above 140 °F.","Critical","24","B","2023-11-06T00:00:00.000","2025-10-22T06:00:09.000","Cycle Inspection / Re-inspection","40.678521232789","-73.982276379676","306","39","013100","3019528","3009490010","BK37","POINT (-73.982276379676 40.678521232789)"
"50170565","KEANAH WEST VILLAGE LLC","Manhattan","323","WEST   11 STREET","10014","9148440228",,"1900-01-01T00:00:00.000",,,,"Not Applicable",,,,"2025-10-22T06:00:14.000",,"40.735649268908","-74.00732865217","102","03","007500","1078297","1006340036","MN23","POINT (-74.00732865217 40.735649268908)"
"50165486","PAPPARICH","Manhattan","123","LUDLOW STREET","10002","3478619730",,"1900-01-01T00:00:00.000",,,,"Not Applicable",,,,"2025-10-22T06:00:14.000",,"40.719682629514","-73.988564135711","103","01","001800","1005313","1004100018","MN27","POINT (-73.988564135711 40.719682629514)"
"50164331","SA EMPTY PLATE, LLC","Brooklyn","445","GRAHAM AVENUE","11211","2108543886",,"1900-01-01T00:00:00.000",,,,"Not Applicable",,,,"2025-10-22T06:00:14.000",,"40.718522723198","-73.945051087481","301","34","049700","3068085","3027340023","BK90","POINT (-73.945051087481 40.718522723198)"
"50168175","LUKA'S JOY","Manhattan","11","WEST   32 STREET","10001","6465771074",,"1900-01-01T00:00:00.000",,,,"Not Applicable",,,,"2025-10-22T06:00:14.000",,"40.747407223937","-73.986090778063","105","04","007600","1015850","1008340033","MN17","POINT (-73.986090778063 40.747407223937)"
"50176283","NUMBER ONE CAVIAR LLC","Manhattan","14","WALL STREET","10005","5165139223",,"1900-01-01T00:00:00.000",,,,"Not Applicable",,,,"2025-10-22T06:00:14.000",,"40.70733944656","-74.010997308824","101","01","000700","1001025","1000460009","MN25","POINT (-74.010997308824 40.70733944656)"
"50057641","NORMA","Manhattan","438","3 AVENUE","10016","2128890600","Italian","2022-08-17T00:00:00.000","Violations were cited in the following area(s).","02B","Hot TCS food item not held at or above 140 °F.","Critical","7","A","2022-08-17T00:00:00.000","2025-10-22T06:00:09.000","Cycle Inspection / Initial Inspection","40.743459318157","-73.979783386973","106","02","007200","1018323","1008860046","MN20","POINT (-73.979783386973 40.743459318157)"
"50141818","WHOOPIE COMPANY","Manhattan","42","BROADWAY","10004","2015460996",,"1900-01-01T00:00:00.000",,,,"Not Applicable",,,,"2025-10-22T06:00:14.000",,"40.706263297358","-74.012908734166","101","01","000900","1000812","1000220020","MN25","POINT (-74.012908734166 40.706263297358)"
"50174076","COUNTRY KITCHEN CUSINE INC","Bronx","1455","EAST  222 STREET","10469","3474440624",,"1900-01-01T00:00:00.000",,,,"Not Applicable",,,,"2025-10-22T06:00:14.000",,"40.876898016015","-73.83801349029","212","12","046202","2065383","2048800001","BX13","POINT (-73.83801349029 40.876898016015)"
"50163438","PUNTO CRIOLLO CORP","Brooklyn","1485","MYRTLE AVENUE","11237","7184561930",,"1900-01-01T00:00:00.000",,,,"Not Applicable",,,,"2025-10-22T06:00:14.000",,"40.699001139199","-73.916490079119","304","37","043300","3075721","3033090033","BK77","POINT (-73.916490079119 40.699001139199)"
"50155939","LOS MUNCHIES","Manhattan","421B","W 202ND ST","10034","6464102878",,"1900-01-01T00:00:00.000",,,,"Not Applicable",,,,"2025-10-22T06:00:14.000",,"40.860757410895","-73.919915854685","112","10","029900",,"1","MN01","POINT (-73.919915854685 40.860757410895)"
"50116556","WENDY'S","Queens","1","MAIN TERMINAL",,"9173282791",,"1900-01-01T00:00:00.000",,,,"Not Applicable",,,,"2025-10-22T06:00:14.000",,"0","0",,,,,"4",,
"50118549","E&A'S BAKE N BREW","Queens","3030","47TH AVE","11101","6463874904","Coffee/Tea","2025-04-09T00:00:00.000","No violations were recorded at the time of this inspection.",,,"Not Applicable",,,,"2025-10-22T06:00:11.000","Administrative Miscellaneous / Initial Inspection","40.743160853683","-73.936568040473","402","26","019900","4003540","4002820001","QN31","POINT (-73.936568040473 40.743160853683)"
"50176932","L L X FOOD MR INC.","Queens","136-20","ROOSEVELT AVENUE","11354","6462267250",,"1900-01-01T00:00:00.000",,,,"Not Applicable",,,,"2025-10-22T06:00:14.000",,"40.759777908235","-73.829235428489","407","20","085300","4113546","4050190005","QN22","POINT (-73.829235428489 40.759777908235)"
"50150851","SAN ANTONIOS","Manhattan","247","ELDRIDGE STREET","10002","8455983791",,"1900-01-01T00:00:00.000",,,,"Not Applicable",,,,"2025-10-22T06:00:14.000",,"40.72278980464","-73.989599009528","103","01","003601","1087360","1004220056","MN27","POINT (-73.989599009528 40.72278980464)"
"50175850","RICHMOND AVENUE 1650 CORP.","Staten Island","1650","RICHMOND AVENUE","10314","7185683000",,"1900-01-01T00:00:00.000",,,,"Not Applicable",,,,"2025-10-22T06:00:14.000",,"40.608078102502","-74.162260908042","502","50","029103","5037014","5022360125","SI05","POINT (-74.162260908042 40.608078102502)"
"40380164","CUCHIFRITOS","Bronx","158","E. 188 TH ST",,"7183674500","Spanish","2024-03-22T00:00:00.000","Violations were cited in the following area(s).","02B","Hot TCS food item not held at or above 140 °F.","Critical","32","C","2024-03-22T00:00:00.000","2025-10-22T06:00:09.000","Cycle Inspection / Re-inspection","0","0",,,,,"2",,
"50176000","Harlem Amor","Manhattan","2082","FREDERICK DOUGLASS BOULEVARD",,"6462993560",,"1900-01-01T00:00:00.000",,,,"Not Applicable",,,,"2025-10-22T06:00:14.000",,"0","0",,,,,"1",,
"50170697","CHAPIYORK DELI GROCERY AND RESTAURANT 1 CORP","Queens","3724A","JUNCTION BLVD","11368","3474713440",,"1900-01-01T00:00:00.000",,,,"Not Applicable",,,,"2025-10-22T06:00:14.000",,"40.750914135018","-73.870479268891","403","21","027300","4036658","4014840015","QN28","POINT (-73.870479268891 40.750914135018)"
"50161785","THE GOLDEN HALL","Bronx","34","CITY ISLAND AVENUE","10464","6463345821",,"1900-01-01T00:00:00.000",,,,"Not Applicable",,,,"2025-10-22T06:00:14.000",,"40.838691690926","-73.783289498173","210","13","051600","2082395","2056370061","BX10","POINT (-73.783289498173 40.838691690926)"
"50149683","MILLION GOODS","Brooklyn","88","FRANKLIN STREET","11222","4145815446",,"1900-01-01T00:00:00.000",,,,"Not Applicable",,,,"2025-10-22T06:00:14.000",,"40.727560930412","-73.957202420773","301","33","056100","3065045","3025720007","BK76","POINT (-73.957202420773 40.727560930412)"
"50177142","NEWS FOOD HUUB INC.","Queens","25815","HILLSIDE AVE","11004","7189902345",,"1900-01-01T00:00:00.000",,,,"Not Applicable",,,,"2025-10-22T06:00:14.000",,"40.736995437221","-73.70990019862","413","23","157902","4179347","4087700001","QN44","POINT (-73.70990019862 40.736995437221)"
"50136795","COR FOOD AND BEVERAGES INC","Manhattan","3492","BROADWAY","10031","3475623697",,"1900-01-01T00:00:00.000",,,,"Not Applicable",,,,"2025-10-22T06:00:14.000",,"40.824887682447","-73.951560717424","109","07","022900","1061873","1020740061","MN04","POINT (-73.951560717424 40.824887682447)"
"50164916","OLIVE & GARLIC MARKET","Brooklyn","141","MONTAGUE STREET","11201","3478449093","American","2025-07-11T00:00:00.000","Establishment re-opened by DOHMH.",,,"Not Applicable","0","Z","2025-07-11T00:00:00.000","2025-10-22T06:00:09.000","Pre-permit (Operational) / Reopening Inspection","40.694620528563","-73.99367117713","302","33","000502","3001987","3002430017","BK09","POINT (-73.99367117713 40.694620528563)"
"50137553","CHILLATO","Brooklyn","342","LEONARD STREET","11211","9172829715",,"1900-01-01T00:00:00.000",,,,"Not Applicable",,,,"2025-10-22T06:00:14.000",,"40.716144396981","-73.948029108471","301","34","050100","3068432","3027480107","BK90","POINT (-73.948029108471 40.716144396981)"
"50005277","PIZZA VINO","Queens",,"JFK INTERNATIONAL AIRPORT","11430","9292250815","Pizza","2025-06-25T00:00:00.000","Violations were cited in the following area(s).","02B","Hot TCS food item not held at or above 140 °F.","Critical","11","A","2025-06-25T00:00:00.000","2025-10-22T06:00:09.000","Cycle Inspection / Re-inspection","40.648312826068","-73.788281497594",,,,,,,"POINT (-73.788281497594 40.648312826068)"
"50070149","TEXAS CHICKEN & BURGER","Brooklyn","1148","FLATBUSH AVENUE","11226","3474139553","Chicken","2022-09-26T00:00:00.000","No violations were recorded at the time of this inspection.",,,"Not Applicable",,,,"2025-10-22T06:00:11.000","Administrative Miscellaneous / Initial Inspection","40.642300078552","-73.957412260735","314","40","051602","3119596","3051860090","BK42","POINT (-73.957412260735 40.642300078552)"
"50174164","XIAO XIAO FISHBALL INC","Manhattan","13","ELDRIDGE STREET","10002","6462263750",,"1900-01-01T00:00:00.000",,,,"Not Applicable",,,,"2025-10-22T06:00:14.000",,"40.714764402993","-73.993716151446","103","01","001600","1003770","1002920025","MN27","POINT (-73.993716151446 40.714764402993)"
"50175886","NYUTEA25 GROUP INC.","Manhattan","46","EAST    8 STREET","10003","9172502102",,"1900-01-01T00:00:00.000",,,,"Not Applicable",,,,"2025-10-22T06:00:14.000",,"40.731178116199","-73.993844491157","102","02","005900","1008837","1005480028","MN23","POINT (-73.993844491157 40.731178116199)"
"50173767","ROMAINE EMPIRE INC FARMER'S FRIDGE","Staten Island","375","SEGUINE AVENUE","10309","3122290099",,"1900-01-01T00:00:00.000",,,,"Not Applicable",,,,"2025-10-22T06:00:14.000",,"40.516718137336","-74.196878000039","503","51","019800","5082757","5066700001","SI01","POINT (-74.196878000039 40.516718137336)"
"50170442","ERY SUNSET PLAZA LLC","Manhattan","350","11 AVENUE","10001","2122038079",,"1900-01-01T00:00:00.000",,,,"Not Applicable",,,,"2025-10-22T06:00:14.000",,"40.754242479545","-74.003089652404","104","03","009900","1090809","1007020180","MN13","POINT (-74.003089652404 40.754242479545)"
"50172926","XIN RONG LYZ INC","Brooklyn","145","SMITH STREET","11201","3475361575",,"1900-01-01T00:00:00.000",,,,"Not Applicable",,,,"2025-10-22T06:00:14.000",,"40.686877291245","-73.990347416605","302","33","004300","3001238","3001940003","BK38","POINT (-73.990347416605 40.686877291245)"
"50169870","TEX'S CHICKEN & BURGERS","Queens","21712","MERRICK BLVD","11413","9178850048",,"1900-01-01T00:00:00.000",,,,"Not Applicable",,,,"2025-10-22T06:00:14.000",,"40.679915086902","-73.752087310303","413","31","035800","4279942","4130110037","QN66","POINT (-73.752087310303 40.679915086902)"
"50167919","BARCADE","Manhattan","10","CORTLANDT STREET","10007","9177149871",,"1900-01-01T00:00:00.000",,,,"Not Applicable",,,,"2025-10-22T06:00:14.000",,"40.710021137","-74.010460309471","101","01","001300","1078966","1000630001","MN25","POINT (-74.010460309471 40.710021137)"
"50169765","LA MOZZARELLA PIZZERIA","Queens","5121","43RD AVE","11377","7184069660",,"1900-01-01T00:00:00.000",,,,"Not Applicable",,,,"2025-10-22T06:00:14.000",,"40.744306697987","-73.913343879755","402","26","025302","4030757","4013140054","QN31","POINT (-73.913343879755 40.744306697987)"
"50155685","CULINARY HUMAN SERVICES","Manhattan","3775","10 AVENUE","10034","9175185224",,"1900-01-01T00:00:00.000",,,,"Not Applicable",,,,"2025-10-22T06:00:14.000",,"40.861351149422","-73.921184087598","112","10","029900","1064490","1021990001","MN01","POINT (-73.921184087598 40.861351149422)"
"41406895","SUN SAI GAI RESTAURANT","Manhattan","220","CANAL STREET","10013","6463987353","Chinese","2025-09-22T00:00:00.000","Establishment re-opened by DOHMH.",,,"Not Applicable","0","Z","2025-09-22T00:00:00.000","2025-10-22T06:00:09.000","Cycle Inspection / Reopening Inspection","40.717138793492","-73.998795131761","103","01","002900","1079404","1001990011","MN27","POINT (-73.998795131761 40.717138793492)"
"50173770","CHAI HOUSE CORP","Queens","3021","30TH AVE","11102","3477225750",,"1900-01-01T00:00:00.000",,,,"Not Applicable",,,,"2025-10-22T06:00:14.000",,"40.767160269584","-73.921960246135","401","22","007100","4007680","4005950002","QN71","POINT (-73.921960246135 40.767160269584)"
"50172888","CHOPT","Queens","4A","CENTRAL TERMINAL AREA /JFK AIRPORT",,"2015282436",,"1900-01-01T00:00:00.000",,,,"Not Applicable",,,,"2025-10-22T06:00:14.000",,"0","0",,,,,"4",,
"50100843","SQUARE PIZZA","Manhattan","37","CLINTON STREET","10002","2128372566","Pizza","2025-07-17T00:00:00.000","Violations were cited in the following area(s).","02B","Hot TCS food item not held at or above 140 °F.","Critical","12","A","2025-07-17T00:00:00.000","2025-10-22T06:00:09.000","Cycle Inspection / Re-inspection","40.719978602979","-73.984617431286","103","01","003001","1004222","1003490019","MN27","POINT (-73.984617431286 40.719978602979)"
"50161894","PATOK","Manhattan","1","HERALD SQUARE","10001","9173276332",,"1900-01-01T00:00:00.000",,,,"Not Applicable",,,,"2025-10-22T06:00:14.000",,"40.750541907818","-73.987541021756","105","04","010900","1089436","1008100045","MN17","POINT (-73.987541021756 40.750541907818)"
"50172606","EXCELLENT SUSHI LLC","Manhattan","731","9 AVENUE","10019","9173619750",,"1900-01-01T00:00:00.000",,,,"Not Applicable",,,,"2025-10-22T06:00:14.000",,"40.763192668635","-73.989170318235","104","03","012700","1026649","1010590032","MN15","POINT (-73.989170318235 40.763192668635)"
"41689789","EGG ROLL CHINESE RESTAURANT","Brooklyn","1772","BROADWAY","11207","7189199888","Chinese","2023-05-18T00:00:00.000","Violations were cited in the following area(s).","09B","Thawing procedure improper.","Not Critical","11","A","2023-05-18T00:00:00.000","2025-10-22T06:00:09.000","Cycle Inspection / Initial Inspection","40.682497205043","-73.909768521968","316","37","036900","3041186","3015170020","BK79","POINT (-73.909768521968 40.682497205043)"
"50140915","DILLLI BISTRO","Manhattan","178","CHURCH STREET","10013","5168498040",,"1900-01-01T00:00:00.000",,,,"Not Applicable",,,,"2025-10-22T06:00:14.000",,"40.715601489743","-74.007416621995","101","01","003300","1001604","1001460027","MN24","POINT (-74.007416621995 40.715601489743)"
"50169253","ICAHN STADIUM","Manhattan","10","CENTRAL ROAD","10035","7043286780",,"1900-01-01T00:00:00.000",,,,"Not Applicable",,,,"2025-10-22T06:00:14.000",,"40.792262304015","-73.92382673347","111","08","024000","1085645","1018190203","MN99","POINT (-73.92382673347 40.792262304015)"
"50154157","PENN 1 BIRTIE LLC","Manhattan","1","PENN PLAZA","10119","9175703388",,"1900-01-01T00:00:00.000",,,,"Not Applicable",,,,"2025-10-22T06:00:14.000",,"40.751091318302","-73.992925898182","105","03","010100","1014387","1007830070","MN17","POINT (-73.992925898182 40.751091318302)"
"50114560","Archies Tap & Table LLC","Bronx","536","CITY ISLAND AVENUE","10464","5164358391",,"1900-01-01T00:00:00.000",,,,"Not Applicable",,,,"2025-10-22T06:00:14.000",,"40.852805950219","-73.789623433599","210","13","051600","2102705","2056350020","BX10","POINT (-73.789623433599 40.852805950219)"
"50164391","HOLA LA PHO CORP","Brooklyn","8121","5 AVENUE","11209","6468974777",,"1900-01-01T00:00:00.000",,,,"Not Applicable",,,,"2025-10-22T06:00:14.000",,"40.624823847799","-74.024528613866","310","47","013800","3151755","3059990003","BK31","POINT (-74.024528613866 40.624823847799)"
"50166530","REVERIE","Brooklyn","135","METROPOLITAN AVENUE","11249","6467722425",,"1900-01-01T00:00:00.000",,,,"Not Applicable",,,,"2025-10-22T06:00:14.000",,"40.716229619359","-73.962436761794","301","34","055500","3399913","3023587503","BK73","POINT (-73.962436761794 40.716229619359)"
"50167477","KOFEE","Bronx","2413","3 AVENUE","10451","2034247631","Coffee/Tea","2025-09-29T00:00:00.000","Establishment re-opened by DOHMH.",,,"Not Applicable","0",,,"2025-10-22T06:00:09.000","Pre-permit (Operational) / Reopening Inspection","40.808348325003","-73.931004061248","201","08","005100","2098987","2023190109","BX39","POINT (-73.931004061248 40.808348325003)"
"50145090","BAKED CHEESE HAUS LTD","Manhattan","42","WEST   42 STREET","10036","6086301355",,"1900-01-01T00:00:00.000",,,,"Not Applicable",,,,"2025-10-22T06:00:14.000",,"40.754068239421","-73.982321170752","105","04","008400","1085593","1012570002","MN17","POINT (-73.982321170752 40.754068239421)"
"50173679","AMERICAN BITES COFFEE SHOP CORP.","Bronx","245","BROOK AVENUE","10454","8623182356",,"1900-01-01T00:00:00.000",,,,"Not Applicable",,,,"2025-10-22T06:00:14.000",,"40.807884878739","-73.919029674458","201","08","003900","2091058","2022830053","BX39","POINT (-73.919029674458 40.807884878739)"
"50127295","JIXIANG 99 LLC","0","247","HEMPSTEAD TPKE","11003","6312649122",,"1900-01-01T00:00:00.000",,,,"Not Applicable",,,,"2025-10-22T06:00:14.000",,,,,,,,,,
"50105261","LES AMIS CAFE","Queens","3117","DITMARS BLVD","11105","3478669997",,"1900-01-01T00:00:00.000",,,,"Not Applicable",,,,"2025-10-22T06:00:14.000",,"40.775756448444","-73.910154370696","401","22","011300","4016931","4008310034","QN72","POINT (-73.910154370696 40.775756448444)"
"41276645","ECUATORIANA RESTAURANT","Manhattan","16851687","AMSTERDAM AVENUE",,"2124914626","Spanish","2025-07-22T00:00:00.000","Violations were cited in the following area(s).","02B","Hot TCS food item not held at or above 140 °F.","Critical","27",,,"2025-10-22T06:00:09.000","Cycle Inspection / Initial Inspection","0","0",,,,,"1",,
"50171825","MATTO ESPRESSO","Manhattan","971","1 AVENUE","10022","3477985886",,"1900-01-01T00:00:00.000",,,,"Not Applicable",,,,"2025-10-22T06:00:14.000",,"40.755993713117","-73.964619657768","106","04","009800","1039838","1013460026","MN19","POINT (-73.964619657768 40.755993713117)"
"50132255","THE CHUBBY CRAB","Manhattan","77","CHRYSTIE STREET","10002","6468478239","Seafood","2023-06-13T00:00:00.000","Violations were cited in the following area(s).","02B","Hot TCS food item not held at or above 140 °F.","Critical","19",,,"2025-10-22T06:00:09.000","Pre-permit (Operational) / Initial Inspection","40.717248448376","-73.994289492293","103","01","001600","1003944","1003040034","MN27","POINT (-73.994289492293 40.717248448376)"
"50176038","PARIS BAGUETTE","Manhattan","2568","BROADWAY","10025","6507990210",,"1900-01-01T00:00:00.000",,,,"Not Applicable",,,,"2025-10-22T06:00:14.000",,"40.795012316671","-73.971500658714","107","07","018300","1056064","1018680044","MN12","POINT (-73.971500658714 40.795012316671)"
"50160026","YOYO FULTON LLC","Brooklyn","2238","BATH AVENUE","11214","5162884708",,"1900-01-01T00:00:00.000",,,,"Not Applicable",,,,"2025-10-22T06:00:14.000",,"40.59776282764","-73.996222639556","311","47","029400","3169034","3064490034","BK28","POINT (-73.996222639556 40.59776282764)"
"50165645","TASTY BITE BURGER & CHICKEN","Brooklyn","160","HAVEMEYER STREET","11211","9294638566",,"1900-01-01T00:00:00.000",,,,"Not Applicable",,,,"2025-10-22T06:00:14.000",,"40.711353261282","-73.95770342961","301","34","052300","3063152","3024200022","BK73","POINT (-73.95770342961 40.711353261282)"
"50175018","PITA PI LLC","Brooklyn","317","UNION AVENUE","11211","7085802218",,"1900-01-01T00:00:00.000",,,,"Not Applicable",,,,"2025-10-22T06:00:14.000",,"40.70983819953","-73.95094128127","301","34","051300","3063052","3024130015","BK73","POINT (-73.95094128127 40.70983819953)"
"41571795","KUM FUNG KITCHEN","Staten Island","838","BAY STREET","10304","7187278888","Chinese","2025-10-15T00:00:00.000","Violations were cited in the following area(s).","02B","Hot TCS food item not held at or above 140 °F.","Critical","26",,,"2025-10-22T06:00:09.000","Cycle Inspection / Initial Inspection","40.621940942042","-74.072141768277","501","49","004000","5042341","5028360024","SI08","POINT (-74.072141768277 40.621940942042)"
"50124741","BELLA PIZZA RESTAURANT","Queens","3235","48TH AVE","11101","7183921972","Pizza","2024-04-23T00:00:00.000","Violations were cited in the following area(s).","02B","Hot TCS food item not held at or above 140 °F.","Critical","21","B","2024-04-23T00:00:00.000","2025-10-22T06:00:09.000","Cycle Inspection / Re-inspection","40.740894476293","-73.933138349813","402","26","019900","4003446","4002520001","QN31","POINT (-73.933138349813 40.740894476293)"
"41622930","DUN-WELL DOUGHNUTS","Brooklyn","222","MONTROSE AVENUE","11206","3472940871","Donuts","2024-01-09T00:00:00.000","Violations were cited in the following area(s).","04L","Evidence of mice or live mice in establishment's food or non-food areas.","Critical","13","A","2024-01-09T00:00:00.000","2025-10-22T06:00:09.000","Cycle Inspection / Initial Inspection","40.707593433177","-73.940324308256","301","34","049300","3071243","3030630013","BK78","POINT (-73.940324308256 40.707593433177)"
"50108971","THE NUAA TABLE","Brooklyn","638","BERGEN STREET","11238","7186236395","Thai","2022-11-07T00:00:00.000","Violations were cited in the following area(s).","02B","Hot TCS food item not held at or above 140 °F.","Critical","38",,,"2025-10-22T06:00:09.000","Pre-permit (Operational) / Initial Inspection","40.679503705375","-73.968705593608","308","35","016300","3028141","3011447504","BK64","POINT (-73.968705593608 40.679503705375)"
"50046479","DUNKIN' / 'BASKIN ROBBINS","Manhattan","395","HUDSON STREET","10014","9178863304","Donuts","2023-02-17T00:00:00.000","Violations were cited in the following area(s).","04L","Evidence of mice or live mice in establishment's food or non-food areas.","Critical","13","A","2023-02-17T00:00:00.000","2025-10-22T06:00:09.000","Cycle Inspection / Re-inspection","40.729127725398","-74.007042896912","102","03","006900","1010382","1006007501","MN23","POINT (-74.007042896912 40.729127725398)"
"50176216","AFTERLIFE","Queens","4263","HUNTER ST","11101","3473152077",,"1900-01-01T00:00:00.000",,,,"Not Applicable",,,,"2025-10-22T06:00:14.000",,"40.748745679662","-73.940254820733","402","26","001900","4005135","4004320038","QN31","POINT (-73.940254820733 40.748745679662)"
"50167409","LUCKY WOK VICTORY INC","Staten Island","1970","VICTORY BOULEVARD","10314","9377601459",,"1900-01-01T00:00:00.000",,,,"Not Applicable",,,,"2025-10-22T06:00:14.000",,"40.612538973812","-74.129481726979","501","50","018701","5018255","5007220001","SI07","POINT (-74.129481726979 40.612538973812)"
"50118692","BUBBY'S DINER","Queens",,"TERMINAL C CONCOURSE E","11371","2159970667","Bottled Beverages","2022-10-26T00:00:00.000","Violations were cited in the following area(s).","09E","Wash hands sign not posted near or above hand washing sink.","Not Critical","7","A","2022-10-26T00:00:00.000","2025-10-22T06:00:09.000","Pre-permit (Operational) / Initial Inspection",,,,,,,,,
"50168668","11 W 42ND BB LLC","Manhattan","11","WEST   42 STREET","10036","7328248529",,"1900-01-01T00:00:00.000",,,,"Not Applicable",,,,"2025-10-22T06:00:14.000",,"40.753782670905","-73.981599370417","105","04","009600","1034198","1012580021","MN17","POINT (-73.981599370417 40.753782670905)"
"50174377","LINDA'S DELI INC","Brooklyn","4305","12 AVENUE","11219","3474994032",,"1900-01-01T00:00:00.000",,,,"Not Applicable",,,,"2025-10-22T06:00:14.000",,"40.639606769959","-73.9909199805","312","39","022400","3136134","3056040008","BK88","POINT (-73.9909199805 40.639606769959)"
"50177993","PIZZA MIA TOMPKINS INC","Staten Island","529","TOMPKINS AVENUE","10305","9179135671",,"1900-01-01T00:00:00.000",,,,"Not Applicable",,,,"2025-10-22T06:00:14.000",,"40.612812206701","-74.071469146304","501","49","000800","5095365","5028490001","SI37","POINT (-74.071469146304 40.612812206701)"
"41416592","SOUTH SHORE LITTLE LEAGUE","Staten Island","540","PAGE AVENUE","10307","7188015465","Pizza","2019-06-05T00:00:00.000","No violations were recorded at the time of this inspection.",,,"Not Applicable","0",,,"2025-10-22T06:00:11.000","Cycle Inspection / Initial Inspection","40.509990207577","-74.23085280989","503","51","024401","5000000","5077860075","SI11","POINT (-74.23085280989 40.509990207577)"
"40536414","LA CABANA","Brooklyn","106264","FLATBUSH AVENUE",,"7182870248","Latin American","2024-11-14T00:00:00.000","Violations were cited in the following area(s).","02B","Hot TCS food item not held at or above 140 °F.","Critical","31",,,"2025-10-22T06:00:09.000","Cycle Inspection / Initial Inspection","0","0",,,,,"3",,
"50167584","RA BROADWAY FAMOUS PIZZA INC.","Manhattan","4250","BROADWAY","10033","3476590828",,"1900-01-01T00:00:00.000",,,,"Not Applicable",,,,"2025-10-22T06:00:14.000",,"40.849898358602","-73.936010418476","112","10","027100","1081880","1021630053","MN35","POINT (-73.936010418476 40.849898358602)"
"50175289","ZAMA OMAKASE","Manhattan","346","WEST   52 STREET","10019","3175720869",,"1900-01-01T00:00:00.000",,,,"Not Applicable",,,,"2025-10-22T06:00:14.000",,"40.764265637869","-73.986950022417","104","03","013300","1025215","1010420050","MN15","POINT (-73.986950022417 40.764265637869)"
"50092462","THREES BREWING","Manhattan","517","CLAYTON ROAD","10004","7185222110",,"1900-01-01T00:00:00.000",,,,"Not Applicable",,,,"2025-10-22T06:00:14.000",,"40.691053563611","-74.019623706393","101","01","000500","1086421","1000010010","MN99","POINT (-74.019623706393 40.691053563611)"
"50177983","ROMAINE EMPIRE INC","Manhattan","1221","AVE OF TH AMER",,"3122290099",,"1900-01-01T00:00:00.000",,,,"Not Applicable",,,,"2025-10-22T06:00:14.000",,"0","0",,,,,"1",,
"50169092","THE HIGHLINE CAFE INC","Manhattan","368","9 AVENUE","10001","9173120254",,"1900-01-01T00:00:00.000",,,,"Not Applicable",,,,"2025-10-22T06:00:14.000",,"40.751407161304","-73.997726170738","104","03","010300","1013540","1007540078","MN13","POINT (-73.997726170738 40.751407161304)"
"50167663","D & E MEXICAN FOOD CORP","Queens","4011","82ND ST","11373","9178850056",,"1900-01-01T00:00:00.000",,,,"Not Applicable",,,,"2025-10-22T06:00:14.000",,"40.747151643912","-73.883840004285","404","25","026901","4036900","4014930037","QN29","POINT (-73.883840004285 40.747151643912)"
"50177587","41-17 HOSPITALITY GROUP CORP","Manhattan","4117","BROADWAY","10033","3475320681",,"1900-01-01T00:00:00.000",,,,"Not Applicable",,,,"2025-10-22T06:00:14.000",,"40.845321615242","-73.938714771609","112","10","026300","1063502","1021420136","MN36","POINT (-73.938714771609 40.845321615242)"
"50176854","BUBS BAKERY LLC","Manhattan","325","LAFAYETTE STREET","10012","6464498814",,"1900-01-01T00:00:00.000",,,,"Not Applicable",,,,"2025-10-22T06:00:14.000",,"40.725554144436","-73.994934582494","102","01","005502","1008220","1005220038","MN23","POINT (-73.994934582494 40.725554144436)"
"50169552","SIPSTERIA","Manhattan","774","AMSTERDAM AVENUE","10025","9175584407",,"1900-01-01T00:00:00.000",,,,"Not Applicable",,,,"2025-10-22T06:00:14.000",,"40.795231388309","-73.969521386867","107","07","018300","1056382","1018690036","MN12","POINT (-73.969521386867 40.795231388309)"
"50164927","M CAFE SKYVIEW INC","Queens","13107","40TH RD","11354","9175787600",,"1900-01-01T00:00:00.000",,,,"Not Applicable",,,,"2025-10-22T06:00:14.000",,"40.755934186327","-73.836042019442","407","20","087100","4534020","4050667501","QN22","POINT (-73.836042019442 40.755934186327)"
"50173829","JANOOON INC","Brooklyn","1950","BATH AVENUE","11214","3477447423",,"1900-01-01T00:00:00.000",,,,"Not Applicable",,,,"2025-10-22T06:00:14.000",,"40.601786726129","-74.002207494797","311","47","028200","3168791","3064410029","BK27","POINT (-74.002207494797 40.601786726129)"
"50150815","STARBUCKS PICKUP (DEPARTURE LEVEL)","Queens",,"TERMINAL C CONCOURSE","11371","2159970667",,"1900-01-01T00:00:00.000",,,,"Not Applicable",,,,"2025-10-22T06:00:14.000",,,,,,,,,,
"50137300","BARK BARBECUE","Brooklyn","55","WATER STREET","11201","3478815799","Barbecue","2024-06-15T00:00:00.000","No violations were recorded at the time of this inspection.",,,"Not Applicable","0",,,"2025-10-22T06:00:09.000","Inter-Agency Task Force / Initial Inspection","40.703293906326","-73.992047363499","302","33","002100","3000019","3000260050","BK38","POINT (-73.992047363499 40.703293906326)"
"50177417","EL-TACO","Manhattan","1452","2 AVENUE","10021","3525145276",,"1900-01-01T00:00:00.000",,,,"Not Applicable",,,,"2025-10-22T06:00:14.000",,"40.771218870605","-73.956582161714","108","05","013400","1045157","1014500050","MN31","POINT (-73.956582161714 40.771218870605)"
"50168972","ADDA","Manhattan","107","1 AVENUE","10003","9175023356",,"1900-01-01T00:00:00.000",,,,"Not Applicable",,,,"2025-10-22T06:00:14.000",,"40.726711685913","-73.985939974146","103","02","003800","1006286","1004480030","MN22","POINT (-73.985939974146 40.726711685913)"
"50142315","MEXI","Brooklyn","149","NORTH    9 STREET","11249","9176731663",,"1900-01-01T00:00:00.000",,,,"Not Applicable",,,,"2025-10-22T06:00:14.000",,"40.719192034684","-73.956933645354","301","33","051700","3061685","3023040029","BK73","POINT (-73.956933645354 40.719192034684)"
"50145881","RUBY KING","Queens","3613","COLLEGE POINT BLVD","11354","3477329361",,"1900-01-01T00:00:00.000",,,,"Not Applicable",,,,"2025-10-22T06:00:14.000",,"40.761329266314","-73.83525619063","407","20","086900","4584177","4049680006","QN22","POINT (-73.83525619063 40.761329266314)"
"50170069","LITTLE CAESARS","Queens","12614","MERRICK BLVD","11434","5162423711",,"1900-01-01T00:00:00.000",,,,"Not Applicable",,,,"2025-10-22T06:00:14.000",,"40.681857642614","-73.766094591774","412","27","033401","4270272","4125260001","QN08","POINT (-73.766094591774 40.681857642614)"
"50158836","COMPTON'S","Queens","16868","9TH AVE","11357","7187990211",,"1900-01-01T00:00:00.000",,,,"Not Applicable",,,,"2025-10-22T06:00:14.000",,"40.792820037299","-73.796032755316","407","19","099100","4312165","4046020110","QN49","POINT (-73.796032755316 40.792820037299)"
"50160335","SANMIWAGO","Manhattan","64","7 AVENUE","10011","7184501788",,"1900-01-01T00:00:00.000",,,,"Not Applicable",,,,"2025-10-22T06:00:14.000",,"40.738600123621","-73.999657187145","104","03","008100","1013732","1007640037","MN13","POINT (-73.999657187145 40.738600123621)"
"50122548","FAUZIA'S HEAVENLY DELIGHTS INC","Manhattan","517","CLAYTON AVE",,"7189305711",,"1900-01-01T00:00:00.000",,,,"Not Applicable",,,,"2025-10-22T06:00:14.000",,"0","0",,,,,"1",,
"50147312","WATERFALL LOUNGE","Brooklyn","4703","CHURCH AVENUE","11203","3473659318",,"1900-01-01T00:00:00.000",,,,"Not Applicable",,,,"2025-10-22T06:00:14.000",,"40.6516125051","-73.933138075487","317","41","087000","3102020","3046730043","BK91","POINT (-73.933138075487 40.6516125051)"
"50167149","Montego island cuisine","Brooklyn","598","CLARKSON AVENUE","11203","8049196645",,"1900-01-01T00:00:00.000",,,,"Not Applicable",,,,"2025-10-22T06:00:14.000",,"40.656040734472","-73.939703847695","317","40","081400","3336187","3048450010","BK91","POINT (-73.939703847695 40.656040734472)"
"50149676","CONOR'S GOAT","Manhattan","23","AVENUE A","10009","2126735550",,"1900-01-01T00:00:00.000",,,,"Not Applicable",,,,"2025-10-22T06:00:14.000",,"40.722863513955","-73.985865027404","103","02","003002","1005747","1004290034","MN22","POINT (-73.985865027404 40.722863513955)"
"50166567","BLACK NILE FOOD TRUCK","Brooklyn","1140","UTICA AVENUE","11203","9296993959",,"1900-01-01T00:00:00.000",,,,"Not Applicable",,,,"2025-10-22T06:00:14.000",,"40.645014721871","-73.929674564511","317","45","085000","3105284","3047600027","BK91","POINT (-73.929674564511 40.645014721871)"
"50170844","AFTERLIFE KTV","Queens","4263","HUNTER ST","11101","3137279696",,"1900-01-01T00:00:00.000",,,,"Not Applicable",,,,"2025-10-22T06:00:14.000",,"40.748745679662","-73.940254820733","402","26","001900","4005135","4004320038","QN31","POINT (-73.940254820733 40.748745679662)"
"50163154","DA LONG YI HOT POT","Manhattan","159","CANAL STREET","10013","3109948177",,"1900-01-01T00:00:00.000",,,,"Not Applicable",,,,"2025-10-22T06:00:14.000",,"40.716386680383","-73.996515300794","102","01","004100","1002602","1002030002","MN24","POINT (-73.996515300794 40.716386680383)"
"50177684","A.K. FAMILY COFFEE INC.","Queens","3521","FARRINGTON ST","11354","7183081510",,"1900-01-01T00:00:00.000",,,,"Not Applicable",,,,"2025-10-22T06:00:14.000",,"40.76410718566","-73.831624902843","407","20","086900","4112136","4049590008","QN22","POINT (-73.831624902843 40.76410718566)"
"41561516","OBAO","Manhattan","647","9 AVENUE","10036","2122458880","Thai","2024-11-12T00:00:00.000","Violations were cited in the following area(s).","04M","Live roaches in facility's food or non-food area.","Critical","60","C","2024-11-12T00:00:00.000","2025-10-22T06:00:09.000","Cycle Inspection / Re-inspection","40.760568844279","-73.991080304868","104","03","012100","1026476","1010550130","MN15","POINT (-73.991080304868 40.760568844279)"
"50122076","ARAMARK SERVICES INC","Manhattan","1211","AVE AMERICAS",,"6466261707","Fusion","2022-08-09T00:00:00.000","No violations were recorded at the time of this inspection.",,,"Not Applicable","0","A","2022-08-09T00:00:00.000","2025-10-22T06:00:09.000","Pre-permit (Operational) / Initial Inspection","0","0",,,,,"1",,
"50172857","REEF ALYAMAN RESTAURANT CORP.","Bronx","655","MORRIS PARK AVENUE","10462","6468068430",,"1900-01-01T00:00:00.000",,,,"Not Applicable",,,,"2025-10-22T06:00:14.000",,"40.844929495865","-73.867537761111","211","13","023600","2043412","2040480008","BX37","POINT (-73.867537761111 40.844929495865)"
"50177496","444 TENTH F&B LLC","Manhattan","444","10 AVENUE","10001","9297552708",,"1900-01-01T00:00:00.000",,,,"Not Applicable",,,,"2025-10-22T06:00:14.000",,"40.755054963628","-73.998787224394","104","03","011100","1000000","1007320070","MN13","POINT (-73.998787224394 40.755054963628)"
"50175462","HOT CHICKS","Queens","13419","LIBERTY AVE","11419","9178604544",,"1900-01-01T00:00:00.000",,,,"Not Applicable",,,,"2025-10-22T06:00:14.000",,"40.691470053151","-73.812484466795","409","28","015200","4201228","4095020037","QN54","POINT (-73.812484466795 40.691470053151)"
"50107638","TERRIFIC WINGS TACOS & THINGS","Manhattan","2131","3 AVENUE","10035","9174216404",,"1900-01-01T00:00:00.000",,,,"Not Applicable",,,,"2025-10-22T06:00:14.000",,"40.798216921841","-73.939805727501","111","08","018800","1052568","1016660004","MN34","POINT (-73.939805727501 40.798216921841)"
"50163828","SHAKE SHACK","Queens","4620","QUEENS BLVD","11104","6469910223",,"1900-01-01T00:00:00.000",,,,"Not Applicable",,,,"2025-10-22T06:00:14.000",,"40.743108215364","-73.91842303064","402","26","023500","4001548","4001520001","QN31","POINT (-73.91842303064 40.743108215364)"
"50170577","BOZYEL LLC","Manhattan","836","2 AVENUE","10017","9297339915",,"1900-01-01T00:00:00.000",,,,"Not Applicable",,,,"2025-10-22T06:00:14.000",,"40.751469391506","-73.970992407543","106","04","009000","1038765","1013370052","MN19","POINT (-73.970992407543 40.751469391506)"
"50168183","KKINI","Manhattan","11","WEST   32 STREET","10001","6465771074",,"1900-01-01T00:00:00.000",,,,"Not Applicable",,,,"2025-10-22T06:00:14.000",,"40.747407223937","-73.986090778063","105","04","007600","1015850","1008340033","MN17","POINT (-73.986090778063 40.747407223937)"
"50165133","PITA YEERO","Manhattan","230","PARK AVENUE","10169","9176362980",,"1900-01-01T00:00:00.000",,,,"Not Applicable",,,,"2025-10-22T06:00:14.000",,"40.75450075314","-73.975950427165","105","04","009200","1036185","1013000001","MN19","POINT (-73.975950427165 40.75450075314)"
"50151973","532 COURT","Brooklyn","532","COURT STREET","11231","9175182169",,"1900-01-01T00:00:00.000",,,,"Not Applicable",,,,"2025-10-22T06:00:14.000",,"40.675591179517","-73.999167214056","306","39","006500","3005678","3003810033","BK33","POINT (-73.999167214056 40.675591179517)"
"50174473","TAKASH CORP","Bronx","1735","WHITE PLAINS ROAD","10462","9296629858",,"1900-01-01T00:00:00.000",,,,"Not Applicable",,,,"2025-10-22T06:00:14.000",,"40.844331880285","-73.865807697284","211","13","023600","2043020","2040320009","BX37","POINT (-73.865807697284 40.844331880285)"
"50160452","TANG HULU","Manhattan","1802","65TH STRETT",,"6462567071",,"1900-01-01T00:00:00.000",,,,"Not Applicable",,,,"2025-10-22T06:00:14.000",,"0","0",,,,,"1",,
"50132461","CREAMLINE","Queens","4005","SKILLMAN AVE","11104","6317932588",,"1900-01-01T00:00:00.000",,,,"Not Applicable",,,,"2025-10-22T06:00:14.000",,"40.747195864681","-73.923416505935","402","26","017100","4002375","4001830292","QN31","POINT (-73.923416505935 40.747195864681)"
"50176960","CHAPEL BAR","Manhattan","281","PARK AVENUE SOUTH","10010","3475128625",,"1900-01-01T00:00:00.000",,,,"Not Applicable",,,,"2025-10-22T06:00:14.000",,"40.739384382337","-73.986933262945","105","02","006800","1018009","1008770089","MN21","POINT (-73.986933262945 40.739384382337)"
"50168346","KINGSTON TROPICAL BAKERY","Brooklyn","585","MYRTLE AVENUE","11205","8458260652",,"1900-01-01T00:00:00.000",,,,"Not Applicable",,,,"2025-10-22T06:00:14.000",,"40.694054046116","-73.960736388634","303","33","019100","3054655","3018960073","BK69","POINT (-73.960736388634 40.694054046116)"
"50172537","CAROL'S PASTRY CORP","Manhattan","307","WEST   38 STREET","10018","6463346183",,"1900-01-01T00:00:00.000",,,,"Not Applicable",,,,"2025-10-22T06:00:14.000",,"40.754939423312","-73.992174723398","104","03","011500","1013643","1007627503","MN15","POINT (-73.992174723398 40.754939423312)"
"41380885","MAMA TINA'S PIZZA","Manhattan","2649","FRDERICK DOUGLASS BOULEVARD",,"2123682820","Pizza","2024-10-16T00:00:00.000","Violations were cited in the following area(s).","02B","Hot TCS food item not held at or above 140 °F.","Critical","22",,,"2025-10-22T06:00:09.000","Cycle Inspection / Initial Inspection","0","0",,,,,"1",,
"50162942","DAVID LEE","Queens","14707","45TH AVE","11355","9173551688",,"1900-01-01T00:00:00.000",,,,"Not Applicable",,,,"2025-10-22T06:00:14.000",,"40.755526147275","-73.814992516614","407","20","118900","4121969","4054060047","QN52","POINT (-73.814992516614 40.755526147275)"
"50001901","DUNKIN","Manhattan","1703","THIRD AVENUE","10128","6467277744","Donuts","2025-05-27T00:00:00.000","Establishment re-opened by DOHMH.",,,"Not Applicable","0","P","2025-05-27T00:00:00.000","2025-10-22T06:00:09.000","Cycle Inspection / Reopening Inspection","40.784876636139","-73.949546070015","108","05","015601","1049245","1015410001","MN32","POINT (-73.949546070015 40.784876636139)"
"50159531","FIVE BELOW #8220","Manhattan","1175","3 AVENUE","10065","2155467909",,"1900-01-01T00:00:00.000",,,,"Not Applicable",,,,"2025-10-22T06:00:14.000",,"40.767394700431","-73.96229948901","108","05","011800","1043902","1014237501","MN31","POINT (-73.96229948901 40.767394700431)"
"50164305","CERES","Manhattan","164","MOTT STREET","10013","9132382805","Pizza","2025-09-13T00:00:00.000","No violations were recorded at the time of this inspection.",,,"Not Applicable","0",,,"2025-10-22T06:00:09.000","Inter-Agency Task Force / Initial Inspection","40.719738031861","-73.996194054618","102","01","004100","1006923","1004700007","MN24","POINT (-73.996194054618 40.719738031861)"
"50169220","HERITAGE DELI","Queens","5627","58TH ST","11378","7187915831",,"1900-01-01T00:00:00.000",,,,"Not Applicable",,,,"2025-10-22T06:00:14.000",,"40.724601345342","-73.912449613268","402","26","021900","4059724","4026640008","QN31","POINT (-73.912449613268 40.724601345342)"
"50146177","BAHNMEBOIS","Queens","21-51","44 DRIVE","11101","6466831590","Asian/Asian Fusion","2025-08-14T00:00:00.000","No violations were recorded at the time of this inspection.",,,"Not Applicable",,,,"2025-10-22T06:00:09.000","Administrative Miscellaneous / Initial Inspection","40.748029834721","-73.94693224445","402","26","001900","4005178","4004380003","QN31","POINT (-73.94693224445 40.748029834721)"
"50156251","SOOTHR","Manhattan","204","EAST   13 STREET","10003","3718825525",,"1900-01-01T00:00:00.000",,,,"Not Applicable",,,,"2025-10-22T06:00:14.000",,"40.732420955586","-73.987288239306","103","02","004000","1006853","1004680011","MN22","POINT (-73.987288239306 40.732420955586)"
"50158785","BOTBAR","Brooklyn","664","MANHATTAN AVENUE","11222","2123549000",,"1900-01-01T00:00:00.000",,,,"Not Applicable",,,,"2025-10-22T06:00:14.000",,"40.724682061582","-73.951301915358","301","33","056900","3066112","3026470047","BK76","POINT (-73.951301915358 40.724682061582)"
"50173385","UPSIDE PIZZA / SOFTSIDE","Manhattan","1231","BROADWAY","10001","9175878888",,"1900-01-01T00:00:00.000",,,,"Not Applicable",,,,"2025-10-22T06:00:14.000",,"40.746894214295","-73.988440349399","105","03","007600","1079187","1008320001","MN17","POINT (-73.988440349399 40.746894214295)"
"50160909","LOAFERS COCKTAIL BAR","Brooklyn","517","COURT STREET","11231","5165074316",,"1900-01-01T00:00:00.000",,,,"Not Applicable",,,,"2025-10-22T06:00:14.000",,"40.675094376428","-73.99938713181","306","39","007700","3008153","3004787505","BK33","POINT (-73.99938713181 40.675094376428)"
"50172399","SWEETGREEN PARK SLOPE","Brooklyn","78","SAINT MARKS AVENUE","11217","2138381688",,"1900-01-01T00:00:00.000",,,,"Not Applicable",,,,"2025-10-22T06:00:14.000",,"40.679829049101","-73.97461102679","306","39","016100","3341899","3009360008","BK64","POINT (-73.97461102679 40.679829049101)"
"50177024","LA CACHETTE DU COIN  LLC","Brooklyn","625","ROGERS AVENUE","11225","7187173323",,"1900-01-01T00:00:00.000",,,,"Not Applicable",,,,"2025-10-22T06:00:14.000",,"40.656307740272","-73.953063961639","309","40","080200","3000000","3050507503","BK60","POINT (-73.953063961639 40.656307740272)"
"50173169","CINNABON -","Manhattan","2","PENN PLZ","10121","7186197481",,"1900-01-01T00:00:00.000",,,,"Not Applicable",,,,"2025-10-22T06:00:14.000",,"40.750009774218","-73.991345194031","105","03","010100","1083026","1007810002","MN17","POINT (-73.991345194031 40.750009774218)"
"50168717","SKYBAR","Queens","4506","PEARSON ST","11101","7184409470",,"1900-01-01T00:00:00.000",,,,"Not Applicable",,,,"2025-10-22T06:00:14.000",,"40.745747858913","-73.944649606543","402","26","001900","4000708","4000850005","QN31","POINT (-73.944649606543 40.745747858913)"
"50176752","LOADED","Manhattan","182","AVENUE B","10009","7182493847",,"1900-01-01T00:00:00.000",,,,"Not Applicable",,,,"2025-10-22T06:00:14.000",,"40.727709774209","-73.979297500196","103","02","003400","1005182","1004050035","MN22","POINT (-73.979297500196 40.727709774209)"
"50167293","VILLAGE OF SEA CORP","Bronx","118","EAST  183 STREET","10453","9173634339",,"1900-01-01T00:00:00.000",,,,"Not Applicable",,,,"2025-10-22T06:00:14.000",,"40.857940745287","-73.901514997581","205","14","023704","2013867","2031710023","BX40","POINT (-73.901514997581 40.857940745287)"
"50172783","GO GO CURRY USA INC","Manhattan","273","WEST   38 STREET","10018","6464763755",,"1900-01-01T00:00:00.000",,,,"Not Applicable",,,,"2025-10-22T06:00:14.000",,"40.754308016051","-73.990669673639","105","03","011300","1014473","1007880009","MN17","POINT (-73.990669673639 40.754308016051)"
"50175052","SALENTO COLOMBIAN CAFE","Manhattan","132","HAMILTON PLACE","10031","2012909248",,"1900-01-01T00:00:00.000",,,,"Not Applicable",,,,"2025-10-22T06:00:14.000",,"40.824024741108","-73.949035716103","109","07","022900","1061862","1020740040","MN04","POINT (-73.949035716103 40.824024741108)"
"50135791","SSP AMERICA INC","Queens",,"TERM 4","11430","7037237264",,"1900-01-01T00:00:00.000",,,,"Not Applicable",,,,"2025-10-22T06:00:14.000",,,,,,,,,,
"41131002","TANGRA","Queens","3923","39TH PLACE",,"7187868181","Asian/Asian Fusion","2022-03-31T00:00:00.000","Violations were cited in the following area(s).","06F","Wiping cloths soiled or not stored in sanitizing solution.","Critical","22",,,"2025-10-22T06:00:09.000","Cycle Inspection / Initial Inspection","0","0",,,,,"4",,
"50176488","PICK UP POLLO","Bronx","689","EAST  187 STREET","10458","6463710498",,"1900-01-01T00:00:00.000",,,,"Not Applicable",,,,"2025-10-22T06:00:14.000",,"40.854327094006","-73.885032983683","206","15","038900","2012546","2030900031","BX06","POINT (-73.885032983683 40.854327094006)"
"40557901","LA ISLA CUCHIFRITOS","Bronx","15221524","WESTCHESTER AVENUE",,"7188937591","Latin American","2022-09-12T00:00:00.000","Violations were cited in the following area(s).","02B","Hot TCS food item not held at or above 140 °F.","Critical","31","C","2022-09-12T00:00:00.000","2025-10-22T06:00:09.000","Cycle Inspection / Re-inspection","0","0",,,,,"2",,
"50176803","OKTOBERFEST","Brooklyn","3087","BRIGHTON    4 STREET","11235","9173794466",,"1900-01-01T00:00:00.000",,,,"Not Applicable",,,,"2025-10-22T06:00:14.000",,"40.576871882774","-73.963206596924","313","48","036002","3245083","3086880067","BK19","POINT (-73.963206596924 40.576871882774)"
"50163421","MYSTTIK HOLIDAYS INC","Manhattan","1","HERALD SQUARE","10001","9173063128",,"1900-01-01T00:00:00.000",,,,"Not Applicable",,,,"2025-10-22T06:00:14.000",,"40.750541907818","-73.987541021756","105","04","010900","1089436","1008100045","MN17","POINT (-73.987541021756 40.750541907818)"
"50145538","BEST WOK NO1","Brooklyn","3411A","AVENUE H",,"7184349785","Chinese","2025-06-09T00:00:00.000","Violations were cited in the following area(s).","04L","Evidence of mice or live mice in establishment's food or non-food areas.","Critical","13","A","2025-06-09T00:00:00.000","2025-10-22T06:00:09.000","Cycle Inspection / Initial Inspection","0","0",,,,,"3",,
"50094451","CITY VINEYARD, LLC","Manhattan","45","ROCKEFELLER PLAZA","10111","2126080555",,"1900-01-01T00:00:00.000",,,,"Not Applicable",,,,"2025-10-22T06:00:14.000",,"40.75919751131","-73.978334721093","105","04","010400","1083860","1012660001","MN17","POINT (-73.978334721093 40.75919751131)"
"50163920","DEJA VU","Queens","180-25","LINDEN BOULEVARD","11434","5164017609",,"1900-01-01T00:00:00.000",,,,"Not Applicable",,,,"2025-10-22T06:00:14.000",,"40.692144768472","-73.765935758636","412","27","042400","4220010","4103150112","QN08","POINT (-73.765935758636 40.692144768472)"
"50150789","LATOYA'S KITCHEN","Manhattan","2492","ADAM CLAYTON POWELL JR BOULEVARD",,"2122346300","Caribbean","2025-09-01T00:00:00.000","No violations were recorded at the time of this inspection.",,,"Not Applicable","0",,,"2025-10-22T06:00:09.000","Inter-Agency Task Force / Initial Inspection","0","0",,,,,"1",,
"50169729","HALAL MUNCHIES","Manhattan","164","DELANCEY STREET","10002","7182246030",,"1900-01-01T00:00:00.000",,,,"Not Applicable",,,,"2025-10-22T06:00:14.000",,"40.717747262067","-73.985822827557","103","01","001402","1004189","1003480033","MN28","POINT (-73.985822827557 40.717747262067)"
"50145501","AXZO CAFE","Brooklyn","912","4 AVENUE","11232","3476893977","Coffee/Tea","2024-01-19T00:00:00.000","No violations were recorded at the time of this inspection.",,,"Not Applicable","0",,,"2025-10-22T06:00:09.000","Pre-permit (Non-operational) / Re-inspection","40.655642097468","-74.003045423732","307","38","008400","3010158","3006840040","BK32","POINT (-74.003045423732 40.655642097468)"
"50178103","EL ORIGINAL PUNTO FINAL","Bronx","2368","HOFFMAN ST","10458","9172952237",,"1900-01-01T00:00:00.000",,,,"Not Applicable",,,,"2025-10-22T06:00:14.000",,"40.855321885296","-73.889043814866","206","15","039100","2011888","2030650027","BX06","POINT (-73.889043814866 40.855321885296)"
"50169445","EATALY CAFFE ROCKEFELLER","Manhattan","1230","AVENUE OF THE AMERICAS","10020","7578180759",,"1900-01-01T00:00:00.000",,,,"Not Applicable",,,,"2025-10-22T06:00:14.000",,"40.758970183257","-73.98108896917","105","04","009600","1077287","1012640005","MN17","POINT (-73.98108896917 40.758970183257)"
"50165831","AB STABLE LLC","Manhattan","301","PARK AVENUE","10022","5182826019",,"1900-01-01T00:00:00.000",,,,"Not Applicable",,,,"2025-10-22T06:00:14.000",,"40.756641320864","-73.974357845236","105","04","010000","1084771","1013047501","MN19","POINT (-73.974357845236 40.756641320864)"
"50176521","GNOCCHI ON 9TH","Manhattan","836","7 AVENUE","10019","2012745976",,"1900-01-01T00:00:00.000",,,,"Not Applicable",,,,"2025-10-22T06:00:14.000",,"40.76338658128","-73.981593097008","105","03","013100","1076200","1010257501","MN17","POINT (-73.981593097008 40.76338658128)"
"50177095","YOYO CHICKEN","Queens","6019","MYRTLE AVE","11385","5165459774",,"1900-01-01T00:00:00.000",,,,"Not Applicable",,,,"2025-10-22T06:00:14.000",,"40.700553051973","-73.897557656016","405","30","058300","4084514","4035180044","QN20","POINT (-73.897557656016 40.700553051973)"
"50153380","PROTIEN BAR & KITCHEN","Queens","LAGUARDIA","AIRPORT","11369","5163989952",,"1900-01-01T00:00:00.000",,,,"Not Applicable",,,,"2025-10-22T06:00:14.000",,,,,,,,,,
"41668282","ROSEMARY'S","Manhattan","1820","GREENWICH AVENUE",,"2126471818","Italian","2025-06-04T00:00:00.000","Violations were cited in the following area(s).","02B","Hot TCS food item not held at or above 140 °F.","Critical","24",,,"2025-10-22T06:00:09.000","Cycle Inspection / Initial Inspection","0","0",,,,,"1",,
"50166070","PRINTEMPS","Manhattan","1","WALL ST","10005","9176089999",,"1900-01-01T00:00:00.000",,,,"Not Applicable",,,,"2025-10-22T06:00:14.000",,"40.707704437245","-74.011643000334","101","01","000700","1000815","1000237501","MN25","POINT (-74.011643000334 40.707704437245)"
"50170104","ALIDORO/DUNKIN","Queens",,"BLVD TERMINAL 8","11430","6464508644",,"1900-01-01T00:00:00.000",,,,"Not Applicable",,,,"2025-10-22T06:00:14.000",,,,,,,,,,
"50176131","TYR'S HAND","Manhattan","380","5 AVENUE","10018","9178689878",,"1900-01-01T00:00:00.000",,,,"Not Applicable",,,,"2025-10-22T06:00:14.000",,"40.749366695951","-73.983892399964","105","04","008400","1015898","1008370040","MN17","POINT (-73.983892399964 40.749366695951)"
"50164428","The Connect Bar, LLC.","Queens","16002","JAMAICA AVE","11432","7187553394",,"1900-01-01T00:00:00.000",,,,"Not Applicable",,,,"2025-10-22T06:00:14.000",,"40.703776829095","-73.799043712501","412","27","044601","4215613","4101010001","QN61","POINT (-73.799043712501 40.703776829095)"
"50171212","DARUMA 998 LLC","Bronx","901","SHERIDAN AVENUE","10451","6462666290",,"1900-01-01T00:00:00.000",,,,"Not Applicable",,,,"2025-10-22T06:00:14.000",,"40.827036195451","-73.920802125896","204","16","018301","2002805","2024600024","BX14","POINT (-73.920802125896 40.827036195451)"
"50172059","THE LIOR","Queens","2522","ASTORIA BLVD","11102","7182787766",,"1900-01-01T00:00:00.000",,,,"Not Applicable",,,,"2025-10-22T06:00:14.000",,"40.771214581318","-73.922410378619","401","22","006900","4006807","4005730032","QN71","POINT (-73.922410378619 40.771214581318)"
"50169034","AMOR LATINO BAR & RESTAURANT CORP","Brooklyn","2988","FULTON STREET","11208","9294234946",,"1900-01-01T00:00:00.000",,,,"Not Applicable",,,,"2025-10-22T06:00:14.000",,"40.680004150902","-73.884422509803","305","37","116800","3088038","3039550019","BK82","POINT (-73.884422509803 40.680004150902)"
"50142157","THE ATRIUM AT LA GUARDIA - THE LITTLE FLOWER","Queens","1","CENTRAL TERMINAL",,"9723556751",,"1900-01-01T00:00:00.000",,,,"Not Applicable",,,,"2025-10-22T06:00:14.000",,"0","0",,,,,"4",,
"50177030","HAO CHI COLLECTIVE INC.","Queens","4296","MAIN ST","11355","9293917017",,"1900-01-01T00:00:00.000",,,,"Not Applicable",,,,"2025-10-22T06:00:14.000",,"40.752649147549","-73.826997943764","407","20","079702","4115453","4051240043","QN22","POINT (-73.826997943764 40.752649147549)"
"50138662","LAYLA","Brooklyn","352","BEDFORD AVENUE","11249","9493255634",,"1900-01-01T00:00:00.000",,,,"Not Applicable",,,,"2025-10-22T06:00:14.000",,"40.712266265454","-73.962720359725","301","34","055100","3063250","3024300022","BK73","POINT (-73.962720359725 40.712266265454)"
"50174078","DAVE'S HOT CHICKEN","Brooklyn","418","86 STREET","11209","9089270130",,"1900-01-01T00:00:00.000",,,,"Not Applicable",,,,"2025-10-22T06:00:14.000",,"40.622470810308","-74.027841819367","310","43","016000","3153527","3060450012","BK31","POINT (-74.027841819367 40.622470810308)"
"41032752","DONS BOGAM","Manhattan","1517","EAST   32 STREET",,"2126832200","Korean","2022-08-18T00:00:00.000","Violations were cited in the following area(s).","09B","Thawing procedure improper.","Not Critical","12","A","2022-08-18T00:00:00.000","2025-10-22T06:00:09.000","Cycle Inspection / Initial Inspection","0","0",,,,,"1",,
"41026640","MEZE","Brooklyn","6601","13 AVENUE","11219","7182346393","Greek","2022-09-23T00:00:00.000","No violations were recorded at the time of this inspection.",,,"Not Applicable","0","A","2022-09-23T00:00:00.000","2025-10-22T06:00:11.000","Cycle Inspection / Re-inspection","40.625284831779","-74.002226287013","310","38","019400","3142552","3057610010","BK30","POINT (-74.002226287013 40.625284831779)"
"50172565","SOMEDAYS BAKERY","Queens","21267","26TH AVE","11360","9175776287",,"1900-01-01T00:00:00.000",,,,"Not Applicable",,,,"2025-10-22T06:00:14.000",,"40.778314518041","-73.777128259746","407","19","099704","4537937","4059000002","QN47","POINT (-73.777128259746 40.778314518041)"
"50164293","ACRO COFFEE","Manhattan","213","1 AVENUE","10003","6463616158",,"1900-01-01T00:00:00.000",,,,"Not Applicable",,,,"2025-10-22T06:00:14.000",,"40.730463414345","-73.983215053353","103","02","004000","1006491","1004540038","MN22","POINT (-73.983215053353 40.730463414345)"
"50156196","GINGER AND GLATT LTD","Manhattan","750","8 AVENUE","10036","3474611355",,"1900-01-01T00:00:00.000",,,,"Not Applicable",,,,"2025-10-22T06:00:14.000",,"40.759871379059","-73.987849705278","105","03","012500","1024736","1010187502","MN17","POINT (-73.987849705278 40.759871379059)"
"50175665","NESPRESSO","Manhattan","85","5 AVENUE","10003","2136063473",,"1900-01-01T00:00:00.000",,,,"Not Applicable",,,,"2025-10-22T06:00:14.000",,"40.737408656812","-73.992580941278","105","02","005200","1016080","1008440001","MN13","POINT (-73.992580941278 40.737408656812)"
"50175218","00:00","Queens","2138","44TH RD","11101","9085688898",,"1900-01-01T00:00:00.000",,,,"Not Applicable",,,,"2025-10-22T06:00:14.000",,"40.748569993856","-73.945737200679","402","26","001900","4005185","4004380041","QN31","POINT (-73.945737200679 40.748569993856)"
"50173909","CHAMPION PIZZA WOODSIDE INC","Queens","3761","82ND ST","11372","9296362923",,"1900-01-01T00:00:00.000",,,,"Not Applicable",,,,"2025-10-22T06:00:14.000",,"40.74937804459","-73.884233113211","403","25","028300","4036213","4014700045","QN28","POINT (-73.884233113211 40.74937804459)"
"50159852","DAILY GROCERY","Bronx","1201","LELAND AVE",,"9174716834","Other","2025-10-09T00:00:00.000","Violations were cited in the following area(s).","04L","Evidence of mice or live mice in establishment's food or non-food areas.","Critical","27",,,"2025-10-22T06:00:09.000","Pre-permit (Operational) / Compliance Inspection","0","0",,,,,"2",,
"50174989","MUNSON OF 125TH STREET WINGS GO LLC","Manhattan","60","WEST  125 STREET","10027","9173643444",,"1900-01-01T00:00:00.000",,,,"Not Applicable",,,,"2025-10-22T06:00:14.000",,"40.807287871167","-73.944370658433","110","09","020000","1053480","1017220061","MN11","POINT (-73.944370658433 40.807287871167)"
"50172248","CHA DIM SUM CHINESE CUISINE","Manhattan","1134","1 AVENUE","10065","6463603438",,"1900-01-01T00:00:00.000",,,,"Not Applicable",,,,"2025-10-22T06:00:14.000",,"40.761665767828","-73.960447301294","108","05","010602","1045314","1014570003","MN31","POINT (-73.960447301294 40.761665767828)"
"50134588","Bodega Social MH","Bronx","136","ALEXANDER AVENUE","10454","6462717722",,"1900-01-01T00:00:00.000",,,,"Not Applicable",,,,"2025-10-22T06:00:14.000",,"40.807360544569","-73.927092968437","201","08","001900","2124647","2022967502","BX39","POINT (-73.927092968437 40.807360544569)"
"50177485","LITTLE CHIK","Manhattan","601","WEST   26 STREET","10001","9175650578",,"1900-01-01T00:00:00.000",,,,"Not Applicable",,,,"2025-10-22T06:00:14.000",,"40.750926696187","-74.005955224","104","03","009900","1012268","1006720001","MN13","POINT (-74.005955224 40.750926696187)"
"50006959","BAM FISHER","Brooklyn","321","ASHLAND PLACE","11217","7186237811","American","2024-10-19T00:00:00.000","No violations were recorded at the time of this inspection.",,,"Not Applicable","0",,,"2025-10-22T06:00:09.000","Inter-Agency Task Force / Initial Inspection","40.685903942317","-73.978030508283","302","35","003500","3059184","3021110011","BK68","POINT (-73.978030508283 40.685903942317)"
"50143196","MIGRANT KITCHEN","Manhattan","42","WEST   42 STREET","10036","9174824644",,"1900-01-01T00:00:00.000",,,,"Not Applicable",,,,"2025-10-22T06:00:14.000",,"40.754068239421","-73.982321170752","105","04","008400","1085593","1012570002","MN17","POINT (-73.982321170752 40.754068239421)"
"50168965","Dadi's Kababs","0","124","HAMLET RD","11756","9146027098",,"1900-01-01T00:00:00.000",,,,"Not Applicable",,,,"2025-10-22T06:00:14.000",,,,,,,,,,
"50162197","GREY'S DONUTS LLC","Manhattan","1","HERALD SQUARE","10001","48792171",,"1900-01-01T00:00:00.000",,,,"Not Applicable",,,,"2025-10-22T06:00:14.000",,"40.750541907818","-73.987541021756","105","04","010900","1089436","1008100045","MN17","POINT (-73.987541021756 40.750541907818)"
"50176146","CASANOVA PIZZA CORPORATION","Brooklyn","338","MCGUINNESS BOULEVARD","11222","7186070672",,"1900-01-01T00:00:00.000",,,,"Not Applicable",,,,"2025-10-22T06:00:14.000",,"40.734088784165","-73.952276474843","301","33","057900","3064086","3025140001","BK76","POINT (-73.952276474843 40.734088784165)"
"50101317","THE FLO KISS","Manhattan","1802","65TH STREET TRANVERSE",,"6466453020",,"1900-01-01T00:00:00.000",,,,"Not Applicable",,,,"2025-10-22T06:00:14.000",,"0","0",,,,,"1",,
"50175768","ONLY 1 BBQ & TEA INC","Queens","16201","SANFORD AVE","11358","9178681561",,"1900-01-01T00:00:00.000",,,,"Not Applicable",,,,"2025-10-22T06:00:14.000",,"40.760250610582","-73.803857726802","407","20","117100","4120457","4053360001","QN51","POINT (-73.803857726802 40.760250610582)"
"50178030","AC GELATO QUEENS CENTER LLC","Queens","90-15","QUEENS BOULEVARD","11373","9176627728",,"1900-01-01T00:00:00.000",,,,"Not Applicable",,,,"2025-10-22T06:00:14.000",,"40.733840182011","-73.871577033806","404","25","068300","4045999","4018600100","QN29","POINT (-73.871577033806 40.733840182011)"
"50173134","16 HANDLES","Brooklyn","300","COURT STREET","11231","7328560195",,"1900-01-01T00:00:00.000",,,,"Not Applicable",,,,"2025-10-22T06:00:14.000",,"40.6839379416","-73.995146879965","306","39","006700","3004043","3003260062","BK33","POINT (-73.995146879965 40.6839379416)"
"50174051","PUBLIC FARE","Manhattan","81","Central Park W","10023","7043286780",,"1900-01-01T00:00:00.000",,,,"Not Applicable",,,,"2025-10-22T06:00:14.000",,"40.773747359456","-73.977766736166","107","06","015300",,"1","MN14","POINT (-73.977766736166 40.773747359456)"
"50143382","MINUTE SUITES","Queens",,"TERMINAL 4 SPACE CB2","11430","3095070070",,"1900-01-01T00:00:00.000",,,,"Not Applicable",,,,"2025-10-22T06:00:14.000",,,,,,,,,,
"50170618","AUSTIN STREET ICES, INC.","Queens","7052","AUSTIN ST","11375","5164580817",,"1900-01-01T00:00:00.000",,,,"Not Applicable",,,,"2025-10-22T06:00:14.000",,"40.720399800224","-73.845484211691","406","29","071100","4077473","4032340185","QN17","POINT (-73.845484211691 40.720399800224)"
"50089893","BLVD BISTRO","Manhattan","2149","FREDERICK DOUGLASS BOULEVARD",,"2126786200","Soul Food","2022-07-07T00:00:00.000","Violations were cited in the following area(s).","02B","Hot TCS food item not held at or above 140 °F.","Critical","13","A","2022-07-07T00:00:00.000","2025-10-22T06:00:09.000","Cycle Inspection / Initial Inspection","0","0",,,,,"1",,
"50011083","SUBWAY","Manhattan","28","WATER STREET","10004","2122693460","Sandwiches","2022-02-10T00:00:00.000","Violations were cited in the following area(s).","10J","Hand wash sign not posted","Not Critical","16",,,"2025-10-22T06:00:09.000","Cycle Inspection / Initial Inspection","40.703087793856","-74.011029064387","101","01","000900","1000009","1000070028","MN25","POINT (-74.011029064387 40.703087793856)"
"50147535","MM UNION LLC","Queens","2918","UNION ST","11354","7184453155",,"1900-01-01T00:00:00.000",,,,"Not Applicable",,,,"2025-10-22T06:00:14.000",,"40.771735606445","-73.826583522573","407","20","088901","4100730","4043430090","QN22","POINT (-73.826583522573 40.771735606445)"
"50170571","THE FOUR HORSEMEN","Brooklyn","284","GRAND STREET","11211","5018042840",,"1900-01-01T00:00:00.000",,,,"Not Applicable",,,,"2025-10-22T06:00:14.000",,"40.713071495892","-73.957727585261","301","34","052300","3062821","3023950007","BK73","POINT (-73.957727585261 40.713071495892)"
"50164647","AUGUST WILSON THEATER","Manhattan","245","WEST   52 STREET","10019","9142154090",,"1900-01-01T00:00:00.000",,,,"Not Applicable",,,,"2025-10-22T06:00:14.000",,"40.763032865443","-73.983979329314","105","03","013100","1024826","1010240007","MN17","POINT (-73.983979329314 40.763032865443)"
"50165589","THE KISS BAR LOUNGE","Queens","4218","JUNCTION BLVD","11368","9293269823",,"1900-01-01T00:00:00.000",,,,"Not Applicable",,,,"2025-10-22T06:00:14.000",,"40.74610548684","-73.868225830364","404","21","046500","4039921","4015990049","QN29","POINT (-73.868225830364 40.74610548684)"
"50168901","BIG TOTS LITTLE TIKES FOOD GOURMET INC","Manhattan","2451","FREDERICK DOUGLAS BOULEVARD","10027","5167703866",,"1900-01-01T00:00:00.000",,,,"Not Applicable",,,,"2025-10-22T06:00:14.000",,"40.814181740231","-73.948248495112","110","09","021500","1059415","1019580018","MN03","POINT (-73.948248495112 40.814181740231)"
"50141425","BEST TASTE DUMPLING HOUSE INC.","Manhattan","89","CANAL STREET","10002","3479632490",,"1900-01-01T00:00:00.000",,,,"Not Applicable",,,,"2025-10-22T06:00:14.000",,"40.715395689333","-73.993528512347","103","01","001600","1081957","1003010013","MN27","POINT (-73.993528512347 40.715395689333)"
"40825908","POLANCO RESTAURANT BBQ","Manhattan","2421","ADAM CLAYTON POWELL JR B",,"2128621090","Latin American","2022-02-09T00:00:00.000","Violations were cited in the following area(s).","02B","Hot food item not held at or above 140º F.","Critical","20",,,"2025-10-22T06:00:09.000","Cycle Inspection / Initial Inspection","0","0",,,,,"1",,
"50174294","FGNY LLC","Manhattan","144","8 AVENUE","10011","5184079114",,"1900-01-01T00:00:00.000",,,,"Not Applicable",,,,"2025-10-22T06:00:14.000",,"40.741745617836","-74.001057357126","104","03","008100","1013844","1007670001","MN13","POINT (-74.001057357126 40.741745617836)"
"50167854","H 18 & 8TH LLC","Manhattan","161","8 AVENUE","10011","9178551266",,"1900-01-01T00:00:00.000",,,,"Not Applicable",,,,"2025-10-22T06:00:14.000",,"40.742338489619","-74.000649576733","104","03","008900","1013105","1007420034","MN13","POINT (-74.000649576733 40.742338489619)"
"50093483","RESTAURANT","Brooklyn","500","METROPOLITAN AVENUE","11211","7185772525",,"1900-01-01T00:00:00.000",,,,"Not Applicable",,,,"2025-10-22T06:00:14.000",,"40.71404922607","-73.95224398449","301","34","051300","3413996","3023717501","BK73","POINT (-73.95224398449 40.71404922607)"
"50173080","VALLE DE BERACA CORP","Queens","1808","COLLEGE POINT BLVD","11356","3474473519",,"1900-01-01T00:00:00.000",,,,"Not Applicable",,,,"2025-10-22T06:00:14.000",,"40.782975472167","-73.845876473356","407","19","092500","4098306","4040830023","QN23","POINT (-73.845876473356 40.782975472167)"
"50177594","MILK BEE HONEY CAFE 1515 LLC","Brooklyn","1515","SURF AVENUE","11224","6465413454",,"1900-01-01T00:00:00.000",,,,"Not Applicable",,,,"2025-10-22T06:00:14.000",,"40.575462967506","-73.982994975873","313","47","034800","3255289","3070630012","BK21","POINT (-73.982994975873 40.575462967506)"
"50171803","FSW 3RD AVE INC","Manhattan","1911","3 AVENUE","10029","3478259092",,"1900-01-01T00:00:00.000",,,,"Not Applicable",,,,"2025-10-22T06:00:14.000",,"40.791173728671","-73.944947556189","111","08","017000","1052405","1016550003","MN33","POINT (-73.944947556189 40.791173728671)"
"50149750","JUICE NURSE","Manhattan","2855","FREDERICK DOUGLASS BOULEVARD",,"9179747113",,"1900-01-01T00:00:00.000",,,,"Not Applicable",,,,"2025-10-22T06:00:14.000",,"0","0",,,,,"1",,
"50178051","GBD BROOKLYN LLC","Brooklyn","3005","CHURCH AVENUE","11226","7186407924",,"1900-01-01T00:00:00.000",,,,"Not Applicable",,,,"2025-10-22T06:00:14.000",,"40.650816620155","-73.949399180703","317","40","081800","3327739","3048690001","BK95","POINT (-73.949399180703 40.650816620155)"
"50172299","MACARIO","Brooklyn","463","4 AVENUE","11215","6468987060",,"1900-01-01T00:00:00.000",,,,"Not Applicable",,,,"2025-10-22T06:00:14.000",,"40.669335360196","-73.989549700664","306","38","013900","3022588","3010160081","BK37","POINT (-73.989549700664 40.669335360196)"
"50174197","JTUNES INC","Brooklyn","934","3 AVENUE","11232","9176795983",,"1900-01-01T00:00:00.000",,,,"Not Applicable",,,,"2025-10-22T06:00:14.000",,"40.655949396466","-74.005993565784","307","38","001800","3336903","3006910001","BK32","POINT (-74.005993565784 40.655949396466)"
"50170427","SWEET HOSPITALITY GROUP, LLC","Manhattan","79","EAST    4 STREET","10003","2125825472",,"1900-01-01T00:00:00.000",,,,"Not Applicable",,,,"2025-10-22T06:00:14.000",,"40.726476070199","-73.990096321811","103","02","003800","1006601","1004600046","MN22","POINT (-73.990096321811 40.726476070199)"
"50166125","NEW YORK CITY HALAL GRILL INC","Queens","7255","KISSENA BLVD","11367","9174960664",,"1900-01-01T00:00:00.000",,,,"Not Applicable",,,,"2025-10-22T06:00:14.000",,"40.727587302855","-73.813396284329","408","24","122702","4147447","4068050050","QN38","POINT (-73.813396284329 40.727587302855)"
"50160701","NO CHEWING ALLOWED","Manhattan","1802","65TH STREET TRANSVERSE",,"9177706455",,"1900-01-01T00:00:00.000",,,,"Not Applicable",,,,"2025-10-22T06:00:14.000",,"0","0",,,,,"1",,
"41441583","KAPAMILYA","Queens","6910","ROOSEVELT AVENUE","11377","7185070205","Filipino","2025-02-20T00:00:00.000","Violations were cited in the following area(s).","09B","Thawing procedure improper.","Not Critical","70",,,"2025-10-22T06:00:09.000","Cycle Inspection / Initial Inspection","40.746339992501","-73.896122784181","402","26","026300","4030351","4013010029","QN63","POINT (-73.896122784181 40.746339992501)"
"41194745","GOLDEN PALACE GOURMET","Queens","14009","CHERRRY AVENUE",,"7188864383","Chinese","2024-12-09T00:00:00.000","Violations were cited in the following area(s).","04M","Live roaches in facility's food or non-food area.","Critical","28",,,"2025-10-22T06:00:09.000","Cycle Inspection / Initial Inspection","0","0",,,,,"4",,
"50171389","SAUCED PIZZA AND SANDWICH SHOP LLC","Brooklyn","184","MASPETH AVENUE","11211","7736402057",,"1900-01-01T00:00:00.000",,,,"Not Applicable",,,,"2025-10-22T06:00:14.000",,"40.716903997425","-73.935806717283","301","34","044900","3070265","3029090015","BK90","POINT (-73.935806717283 40.716903997425)"
"50166439","ISTANBUL KEBAB NYC CORP.","Manhattan","712","9 AVENUE","10019","2125820777",,"1900-01-01T00:00:00.000",,,,"Not Applicable",,,,"2025-10-22T06:00:14.000",,"40.762591605434","-73.989589160247","104","03","012700","1025165","1010390063","MN15","POINT (-73.989589160247 40.762591605434)"
"50174564","CITY CAFE","Brooklyn","4923","18 AVENUE","11204","9179754045",,"1900-01-01T00:00:00.000",,,,"Not Applicable",,,,"2025-10-22T06:00:14.000",,"40.628135132531","-73.981151402727","312","44","047400","3129240","3054560001","BK88","POINT (-73.981151402727 40.628135132531)"
"50156647","BOULEVARD PLAZA RESTAURANT LLC","Staten Island","2636","HYLAN BOULEVARD","10306","3478532026",,"1900-01-01T00:00:00.000",,,,"Not Applicable",,,,"2025-10-22T06:00:14.000",,"40.567454266356","-74.112765332723","502","50","012804","5000000","5039690001","SI45","POINT (-74.112765332723 40.567454266356)"
"50160208","BLUE RIBBON SUSHI & SAKE","Manhattan","34","DOWNING STREET","10014","2122290404",,"1900-01-01T00:00:00.000",,,,"Not Applicable",,,,"2025-10-22T06:00:14.000",,"40.729256879532","-74.003893084297","102","03","006700","1008394","1005280037","MN23","POINT (-74.003893084297 40.729256879532)"
"50172129","CREPES LE BON","Manhattan","221","AVENUE A","10009","6463990645",,"1900-01-01T00:00:00.000",,,,"Not Applicable",,,,"2025-10-22T06:00:14.000",,"40.730081480586","-73.980606498425","103","02","003400","1006020","1004410031","MN22","POINT (-73.980606498425 40.730081480586)"
"50165837","1C&J GROUP INC","Manhattan","4871","BROADWAY","10034","9172543034",,"1900-01-01T00:00:00.000",,,,"Not Applicable",,,,"2025-10-22T06:00:14.000",,"40.866844977637","-73.923589118797","112","10","029500","1064955","1022380023","MN01","POINT (-73.923589118797 40.866844977637)"
"50176082","TACOS SUPREME INC","Bronx","2482","HOFFMAN STREET","10458","9177315718",,"1900-01-01T00:00:00.000",,,,"Not Applicable",,,,"2025-10-22T06:00:14.000",,"40.857888765766","-73.886798180947","206","15","038900","2011942","2030670036","BX06","POINT (-73.886798180947 40.857888765766)"
"50173582","ANGEL INDIAN","Queens","7518","37TH AVE","11372","3476327555",,"1900-01-01T00:00:00.000",,,,"Not Applicable",,,,"2025-10-22T06:00:14.000",,"40.749074095799","-73.890560446425","403","25","028700","4029851","4012860030","QN28","POINT (-73.890560446425 40.749074095799)"
"50148906","KALLE81","Queens","8114","NORTHERN BLVD","11372","5164136532",,"1900-01-01T00:00:00.000",,,,"Not Applicable",,,,"2025-10-22T06:00:14.000",,"40.755470504891","-73.886063317315","403","25","028300","4028775","4012540006","QN28","POINT (-73.886063317315 40.755470504891)"
"50170988","PIZZA DAA NAPOLI","Manhattan","109","1 AVENUE","10003","3474932076",,"1900-01-01T00:00:00.000",,,,"Not Applicable",,,,"2025-10-22T06:00:14.000",,"40.726769320686","-73.98589666698","103","02","003800","1006285","1004480029","MN22","POINT (-73.98589666698 40.726769320686)"
"50177152","BDBB W3 LLC","0","N/A","N/A","N/A","9176221801",,"1900-01-01T00:00:00.000",,,,"Not Applicable",,,,"2025-10-22T06:00:14.000",,,,,,,,,,
"50175221","COFEE WITH MILK INC.","Brooklyn","504","NOSTRAND AVENUE","11216","3475133296",,"1900-01-01T00:00:00.000",,,,"Not Applicable",,,,"2025-10-22T06:00:14.000",,"40.681572046419","-73.949826436251","303","36","024500","3053009","3018430020","BK75","POINT (-73.949826436251 40.681572046419)"
"50170667","ROCKAWAYS SOUL FOOD","Queens","264","BEACH  116 STREET","11694","347616946",,"1900-01-01T00:00:00.000",,,,"Not Applicable",,,,"2025-10-22T06:00:14.000",,"40.580709747479","-73.83771583981","414","32","093800","4303770","4161660482","QN10","POINT (-73.83771583981 40.580709747479)"
"50149612","ALL DAY FOOD LLC","Brooklyn",,"LORIMER STREET","11211","4153176266",,"1900-01-01T00:00:00.000",,,,"Not Applicable",,,,"2025-10-22T06:00:14.000",,,,,,,,,,
"50111311","CANTINA TAQUERIA & TEQUILIA BAR","Manhattan","2099","FREDERICK DOUGLASS BOULEVARD",,"7577549410","Mexican","2023-08-16T00:00:00.000","Violations were cited in the following area(s).","08A","Establishment is not free of harborage or conditions conducive to rodents, insects or other pests.","Not Critical","27","B","2023-08-16T00:00:00.000","2025-10-22T06:00:09.000","Cycle Inspection / Re-inspection","0","0",,,,,"1",,
"50170508","ALL BLUES","Manhattan","87","WALKER STREET","10013","9174063655",,"1900-01-01T00:00:00.000",,,,"Not Applicable",,,,"2025-10-22T06:00:14.000",,"40.718107694183","-74.001417724935","101","01","003100","1002327","1001950014","MN24","POINT (-74.001417724935 40.718107694183)"
"50175941","SOFT BAR","Brooklyn","200","BANKER STREET","11222","9257592180",,"1900-01-01T00:00:00.000",,,,"Not Applicable",,,,"2025-10-22T06:00:14.000",,"40.725128461762","-73.955609330476","301","33","056100","3330094","3026150019","BK76","POINT (-73.955609330476 40.725128461762)"
"50098181","XAVI'S CORNER","Bronx","301","WEST TREMONT AVENUE","10453","9176977544",,"1900-01-01T00:00:00.000",,,,"Not Applicable",,,,"2025-10-22T06:00:14.000",,"40.853684483589","-73.920271426933","205","16","024700","2009254","2028820216","BX36","POINT (-73.920271426933 40.853684483589)"
"50135622","CIGNATURE","Queens","24511","FRANCIS LEWIS BLVD","11422","3475997660",,"1900-01-01T00:00:00.000",,,,"Not Applicable",,,,"2025-10-22T06:00:14.000",,"40.664791285643","-73.734910318699","413","31","065400","4289377","4136140045","QN05","POINT (-73.734910318699 40.664791285643)"
"40960698","SCORPION","Queens","75-16","ROOSEVELT AVENUE","11372","5618601081","Latin American","2023-01-23T00:00:00.000","Violations were cited in the following area(s).","04M","Live roaches in facility's food or non-food area.","Critical","31",,,"2025-10-22T06:00:09.000","Cycle Inspection / Initial Inspection","40.746952100486","-73.890253570596","404","25","026700","4036734","4014860030","QN29","POINT (-73.890253570596 40.746952100486)"
"50166831","ZEROMEGA X INC","Queens","13522","37TH AVE","11354","3478568229",,"1900-01-01T00:00:00.000",,,,"Not Applicable",,,,"2025-10-22T06:00:14.000",,"40.76114910892","-73.832155828956","407","20","087100","4112287","4049740020","QN22","POINT (-73.832155828956 40.76114910892)"
"50141963","Banh Mi Station","Staten Island","3981","AMBOY ROAD","10308","9177532448",,"1900-01-01T00:00:00.000",,,,"Not Applicable",,,,"2025-10-22T06:00:14.000",,"40.550505726565","-74.150454661719","503","51","014604","5070208","5054280001","SI54","POINT (-74.150454661719 40.550505726565)"
"50177754","THE EIGHTH COCKTAIL BAR","Manhattan","132","7 AVENUE","10011","2397707246",,"1900-01-01T00:00:00.000",,,,"Not Applicable",,,,"2025-10-22T06:00:14.000",,"40.740966091414","-73.997932223491","104","03","008100","1013853","1007670043","MN13","POINT (-73.997932223491 40.740966091414)"
"50175561","THIRD TIME'S THE CHARM","Brooklyn","275","VAN BRUNT STREET","11231","7322322862",,"1900-01-01T00:00:00.000",,,,"Not Applicable",,,,"2025-10-22T06:00:14.000",,"40.679254964042","-74.010642942398","306","38","005900","3008398","3005310008","BK33","POINT (-74.010642942398 40.679254964042)"
"50171006","MI RANCHITO CARNICERIA Y ROSTISERIA","Brooklyn","6923","FORT HAMILTON PARKWAY","11228","7183335171",,"1900-01-01T00:00:00.000",,,,"Not Applicable",,,,"2025-10-22T06:00:14.000",,"40.628523031753","-74.012353252458","310","38","020800","3145948","3058790001","BK30","POINT (-74.012353252458 40.628523031753)"
"50175835","MEET & MEAT WILLIAMSBURG INC.","Brooklyn","361","GRAHAM AVENUE","11211","6469227528",,"1900-01-01T00:00:00.000",,,,"Not Applicable",,,,"2025-10-22T06:00:14.000",,"40.715387950229","-73.944537838532","301","34","049700","3068607","3027540029","BK90","POINT (-73.944537838532 40.715387950229)"
"50124193","TONG","Queens","15335B","HILLSIDE AVE","11432","9292576996","Bangladeshi","2025-01-16T00:00:00.000","Violations were cited in the following area(s).","02B","Hot TCS food item not held at or above 140 °F.","Critical","38",,,"2025-10-22T06:00:09.000","Cycle Inspection / Initial Inspection","40.707304619179","-73.804237742715","408","24","023600","4207478","4097060052","QN35","POINT (-73.804237742715 40.707304619179)"
"50166285","SPICES CUISINE","Brooklyn","119","NOSTRAND AVE","11206","9175331820",,"1900-01-01T00:00:00.000",,,,"Not Applicable",,,,"2025-10-22T06:00:14.000",,"40.695862541718","-73.952650141164","303","36","025500",,"3","BK75","POINT (-73.952650141164 40.695862541718)"
"41248866","BARAKA BUFFET","Manhattan","2546","FREDERICK DOUGLASS BOULEVARD",,"2124913502","African","2024-09-12T00:00:00.000","Violations were cited in the following area(s).","08A","Establishment is not free of harborage or conditions conducive to rodents, insects or other pests.","Not Critical","32",,,"2025-10-22T06:00:09.000","Cycle Inspection / Initial Inspection","0","0",,,,,"1",,
"50175833","SITA THAI RESTAURANT","Manhattan","3609","BROADWAY","10031","1929339993",,"1900-01-01T00:00:00.000",,,,"Not Applicable",,,,"2025-10-22T06:00:14.000",,"40.828635822501","-73.948847884257","109","07","023300","1062439","1020950033","MN04","POINT (-73.948847884257 40.828635822501)"
"50119681","PACRIM","Manhattan","308","EAST   49 STREET","10017","2122074787","Asian/Asian Fusion","2025-06-18T00:00:00.000","No violations were recorded at the time of this inspection.",,,"Not Applicable",,,,"2025-10-22T06:00:09.000","Administrative Miscellaneous / Initial Inspection","40.754026849301","-73.968493587883","106","04","009000","1038931","1013410047","MN19","POINT (-73.968493587883 40.754026849301)"
"50178009","MALA TOWN BARUCH LLC","Manhattan","162","EAST   25 STREET","10010","6608886888",,"1900-01-01T00:00:00.000",,,,"Not Applicable",,,,"2025-10-22T06:00:14.000",,"40.74027311395","-73.982624363002","106","02","006800","1018080","1008800050","MN21","POINT (-73.982624363002 40.74027311395)"
"50177016","MARASSI CAFE LLC","Brooklyn","47","HICKS STREET","11201","7187227777",,"1900-01-01T00:00:00.000",,,,"Not Applicable",,,,"2025-10-22T06:00:14.000",,"40.700263767601","-73.993450644473","302","33","000100","3001590","3002160006","BK09","POINT (-73.993450644473 40.700263767601)"
"50132087","FANTASTIC BEASTS","Queens","36-10","UNION STREET","11354","2538807717",,"1900-01-01T00:00:00.000",,,,"Not Applicable",,,,"2025-10-22T06:00:14.000",,"40.763481578201","-73.828056283075","407","20","086900","4112354","4049770052","QN22","POINT (-73.828056283075 40.763481578201)"
"50071042","CARIDAD RESTAURANT","Queens","9019","JAMAICA AVE","11421","7188477575","Latin American","2022-11-21T00:00:00.000","Violations were cited in the following area(s).","04M","Live roaches in facility's food or non-food area.","Critical","23","B","2022-11-21T00:00:00.000","2025-10-22T06:00:09.000","Cycle Inspection / Re-inspection","40.692892421386","-73.854448006079","409","32","001400","4182064","4088690028","QN53","POINT (-73.854448006079 40.692892421386)"
"50178143","TONY'S TACOS OF QUEENS CENTER LLC","Queens","9015","QUEENS BLVD","11373","5164590692",,"1900-01-01T00:00:00.000",,,,"Not Applicable",,,,"2025-10-22T06:00:14.000",,"40.733840182011","-73.871577033806","404","25","068300","4045999","4018600100","QN29","POINT (-73.871577033806 40.733840182011)"
"50162853","Chuito Bar Restaurant","Bronx","485","EAST  180 STREET","10457","3476100203",,"1900-01-01T00:00:00.000",,,,"Not Applicable",,,,"2025-10-22T06:00:14.000",,"40.851350655359","-73.895321968814","206","15","039500","2011495","2030470001","BX01","POINT (-73.895321968814 40.851350655359)"
"50135628","CROWN CHICKEN & PIZZA","Brooklyn","10309","GLENWOOD ROAD","11236","7184844897","Pizza","2024-10-11T00:00:00.000","Violations were cited in the following area(s).","09B","Thawing procedure improper.","Not Critical","20",,,"2025-10-22T06:00:09.000","Cycle Inspection / Initial Inspection","40.648256786953","-73.897548170659","318","42","097400","3229459","3081720001","BK50","POINT (-73.897548170659 40.648256786953)"
"50044622","Daily Burger","Manhattan","4","PENN PLZ","10121","2124656273","Hamburgers","2025-02-01T00:00:00.000","No violations were recorded at the time of this inspection.",,,"Not Applicable","0","A","2025-02-01T00:00:00.000","2025-10-22T06:00:09.000","Cycle Inspection / Initial Inspection","40.750654836632","-73.991944239076","105","03","010100","1082908","1007810001","MN17","POINT (-73.991944239076 40.750654836632)"
"50090040","VIVA JUAREZ RESTAURANT","Queens","91-09","43 AVENUE","11373","7187791301","Mexican","2025-06-14T00:00:00.000","No violations were recorded at the time of this inspection.",,,"Not Applicable","0",,,"2025-10-22T06:00:09.000","Inter-Agency Task Force / Initial Inspection","40.743375769074","-73.874297676591","404","25","046300","4039426","4015780005","QN29","POINT (-73.874297676591 40.743375769074)"
"41362527","CUSTOM BURGER/PHILLY CHEESE STEAK","Manhattan","0","JFK INTERNATIONAL AIRPORT",,"9177323654","Hamburgers","2025-06-12T00:00:00.000","Violations were cited in the following area(s).","02B","Hot TCS food item not held at or above 140 °F.","Critical","7","A","2025-06-12T00:00:00.000","2025-10-22T06:00:09.000","Cycle Inspection / Initial Inspection","0","0",,,,,"1",,
"50001285","Y & B ENTERTAINMENT MANOR","Queens","3509","PRINCE STRRET",,"7188881778","Korean","2019-06-28T00:00:00.000","Violations were cited in the following area(s).","06D","Food contact surface not properly washed, rinsed and sanitized after each use and following any activity when contamination may have occurred.","Critical","34",,,"2025-10-22T06:00:09.000","Cycle Inspection / Initial Inspection","0","0",,,,,"4",,
"50104980","5 STAR PIZZA","Bronx","295","EAST GUN HILL ROAD","10467","3478437342","Pizza","2025-01-14T00:00:00.000","Violations were cited in the following area(s).","09B","Thawing procedure improper.","Not Critical","24",,,"2025-10-22T06:00:09.000","Cycle Inspection / Initial Inspection","40.879186211627","-73.874622131045","207","11","043100","2018623","2033560001","BX43","POINT (-73.874622131045 40.879186211627)"
"50049514","BRASS RIZ & GRILL EXPRESS","Queens","227-02/08","LINDEN BLVD",,"9175570106","Creole","2021-09-03T00:00:00.000","Violations were cited in the following area(s).","20F","Current letter grade sign not posted.","Not Critical",,,,"2025-10-22T06:00:09.000","Administrative Miscellaneous / Initial Inspection","0","0",,,,,"4",,
"50160153","IDAHO","Manhattan","349","EAST   13 STREET","10003","3233502345",,"1900-01-01T00:00:00.000",,,,"Not Applicable",,,,"2025-10-22T06:00:14.000",,"40.731163478798","-73.984268456765","103","02","004000","1006530","1004550043","MN22","POINT (-73.984268456765 40.731163478798)"
"50176147","ROYAL INDIA PALACE","Queens","11806","ATLANTIC AVE","11419","9172512391",,"1900-01-01T00:00:00.000",,,,"Not Applicable",,,,"2025-10-22T06:00:14.000",,"40.693858675747","-73.828694503769","409","29","012000","4199105","4094360003","QN54","POINT (-73.828694503769 40.693858675747)"
"50113705","MAMAN","Brooklyn","80","KENT STREET","11222","3475044405",,"1900-01-01T00:00:00.000",,,,"Not Applicable",,,,"2025-10-22T06:00:14.000",,"40.730536585054","-73.958091707545","301","33","056500","3337033","3025570024","BK76","POINT (-73.958091707545 40.730536585054)"
"50160146","THE CHICKEN AND STEAKHOUSE INC","Brooklyn","7603","5 AVENUE","11209","3479018060",,"1900-01-01T00:00:00.000",,,,"Not Applicable",,,,"2025-10-22T06:00:14.000",,"40.62857079487","-74.022998897929","310","47","013600","3149301","3059520009","BK31","POINT (-74.022998897929 40.62857079487)"
"50167472","SWEET SPOT","Brooklyn","380","SOUTH    4 STREET","11211","9174002365",,"1900-01-01T00:00:00.000",,,,"Not Applicable",,,,"2025-10-22T06:00:14.000",,"40.708128926881","-73.952652215163","301","34","052700","3063505","3024510005","BK73","POINT (-73.952652215163 40.708128926881)"
"50105750","LA PALMA RESTAURANT INC","Bronx","900","MORRIS PARK AVENUE","10462","7186843359",,"1900-01-01T00:00:00.000",,,,"Not Applicable",,,,"2025-10-22T06:00:14.000",,"40.84669557706","-73.859322206334","211","13","024400","2044464","2040940001","BX37","POINT (-73.859322206334 40.84669557706)"
"41711578","MR. SIMI #8 KITCHEN","Brooklyn","1658","BATH AVENUE","11214","7182327539","Chinese","2021-08-26T00:00:00.000","Violations were cited in the following area(s).","09B","Thawing procedures improper.","Not Critical","31",,,"2025-10-22T06:00:09.000","Cycle Inspection / Initial Inspection","40.605557733268","-74.008960128029","311","47","017400","3168516","3064320038","BK27","POINT (-74.008960128029 40.605557733268)"
"50100867","GONG CHA / POKE+","Manhattan","925","LEXINGTON AVENUE","10065","6142841775","Coffee/Tea","2021-12-22T00:00:00.000","No violations were recorded at the time of this inspection.",,,"Not Applicable",,,,"2025-10-22T06:00:11.000","Calorie Posting / Initial Inspection","40.767990846042","-73.963959821686","108","04","012000","1042479","1014030033","MN40","POINT (-73.963959821686 40.767990846042)"
"50150888","KRSPY RICE/PROPER FOOD","Manhattan","450","WEST   33 STREET","10001","9173876803",,"1900-01-01T00:00:00.000",,,,"Not Applicable",,,,"2025-10-22T06:00:14.000",,"40.753556325005","-73.998812517372","104","03","010300","1089695","1007297507","MN13","POINT (-73.998812517372 40.753556325005)"
"40365882","NEW YORK PIZZA SUPREMA","Manhattan","413","8 AVENUE","10001","2125948939","Pizza","2023-01-26T00:00:00.000","Violations were cited in the following area(s).","09B","Thawing procedure improper.","Not Critical","31",,,"2025-10-22T06:00:09.000","Cycle Inspection / Initial Inspection","40.750031951553","-73.995040989424","104","03","010300","1013536","1007540041","MN13","POINT (-73.995040989424 40.750031951553)"
"40659101","LUCKY HOUSE CHINESE KITCHEN","Brooklyn","343345","LEWIS AVENUE",,"7184432298","Chinese","2025-09-25T00:00:00.000","Establishment re-opened by DOHMH.",,,"Not Applicable","0","Z","2025-09-25T00:00:00.000","2025-10-22T06:00:09.000","Cycle Inspection / Reopening Inspection","0","0",,,,,"3",,
"50175915","FREDDY'S","Manhattan","76","CHAMBERS STREET","10007","9178035544",,"1900-01-01T00:00:00.000",,,,"Not Applicable",,,,"2025-10-22T06:00:14.000",,"40.714358150148","-74.006759965638","101","01","002100","1079153","1001357504","MN24","POINT (-74.006759965638 40.714358150148)"
"50172106","MORENITA RESTAURANT CORP.","Bronx","962","LONGWOOD AVENUE","10459","3474943306",,"1900-01-01T00:00:00.000",,,,"Not Applicable",,,,"2025-10-22T06:00:14.000",,"40.817463918527","-73.898179049323","202","17","008500","2005568","2027080040","BX33","POINT (-73.898179049323 40.817463918527)"
"50097377","BLOOM CAFE","Staten Island","1203","BAY STREET","10305","9293082863","American","2024-04-04T00:00:00.000","Violations were cited in the following area(s).","02B","Hot TCS food item not held at or above 140 °F.","Critical","12","A","2024-04-04T00:00:00.000","2025-10-22T06:00:09.000","Cycle Inspection / Initial Inspection","40.613938099334","-74.066013640576","501","49","000600","5042172","5028300011","SI37","POINT (-74.066013640576 40.613938099334)"
"50173394","COCO TEA NY INC","Queens","3711","MAIN ST","11354","3477324797",,"1900-01-01T00:00:00.000",,,,"Not Applicable",,,,"2025-10-22T06:00:14.000",,"40.761320327799","-73.830996650422","407","20","087100","4112473","4049780004","QN22","POINT (-73.830996650422 40.761320327799)"
"50167675","CHOLADOS Y MANGOS 1 CORP","Queens","8815","37TH AVE","11372","3477018713",,"1900-01-01T00:00:00.000",,,,"Not Applicable",,,,"2025-10-22T06:00:14.000",,"40.75036023186","-73.878499991467","403","25","027700","4449236","4014627501","QN28","POINT (-73.878499991467 40.75036023186)"
"50122470","SEA TO SOUL","Manhattan","2058","ADAM CLAYTON POWELL JR BOULEVARD",,"2129359000","Soul Food","2023-11-22T00:00:00.000","Violations were cited in the following area(s).","15-21","Flavored tobacco products sold, offered for sale","Not Applicable",,,,"2025-10-22T06:00:09.000","Smoke-Free Air Act / Initial Inspection","0","0",,,,,"1",,
"50161314","ONCE MORE","Manhattan","1","EAST BROADWAY","10038","3474176185",,"1900-01-01T00:00:00.000",,,,"Not Applicable",,,,"2025-10-22T06:00:14.000",,"40.713622733299","-73.997965539814","103","01","002700","1003384","1002790065","MN27","POINT (-73.997965539814 40.713622733299)"
"50173121","CHATEAU ROYALE","Manhattan","205","THOMPSON STREET","10012","9145232038",,"1900-01-01T00:00:00.000",,,,"Not Applicable",,,,"2025-10-22T06:00:14.000",,"40.728669564555","-73.999476837601","102","01","006500","1008681","1005390035","MN23","POINT (-73.999476837601 40.728669564555)"
"50169212","BRIGSBY","Manhattan",,"WEST 22ND STREET","10001","9293869213",,"1900-01-01T00:00:00.000",,,,"Not Applicable",,,,"2025-10-22T06:00:14.000",,,,,,,,,,
"50113015","JERRELL'S BETR BRGR","Manhattan","117","6 AVENUE","10013","3475228049","Vegan","2024-10-19T00:00:00.000","No violations were recorded at the time of this inspection.",,,"Not Applicable","0",,,"2025-10-22T06:00:09.000","Inter-Agency Task Force / Initial Inspection","40.723800252927","-74.004729762755","102","01","003700","1088003","1004770064","MN24","POINT (-74.004729762755 40.723800252927)"
"50167801","SAIBAIWEI, INC.","Queens","4033","MAIN ST","11354","7187990472",,"1900-01-01T00:00:00.000",,,,"Not Applicable",,,,"2025-10-22T06:00:14.000",,"40.758653213776","-73.829678700764","407","20","085300","4113543","4050190001","QN22","POINT (-73.829678700764 40.758653213776)"
"50171450","BRASA PERUVIAN KITCHEN","Queens","3101","30TH AVE","11102","7789983252",,"1900-01-01T00:00:00.000",,,,"Not Applicable",,,,"2025-10-22T06:00:14.000",,"40.766833167786","-73.921263882863","401","22","007100","4008599","4006170007","QN71","POINT (-73.921263882863 40.766833167786)"
"50175663","GARCIA BAKERY CORP","Brooklyn","1730","BATH AVENUE","11214","7188095282",,"1900-01-01T00:00:00.000",,,,"Not Applicable",,,,"2025-10-22T06:00:14.000",,"40.604635594425","-74.007433057806","311","43","017600","3168598","3064340031","BK27","POINT (-74.007433057806 40.604635594425)"
"50176346","GWONGFU BEEF MIX INC.","Brooklyn","6104","7 AVENUE","11220","6465036666",,"1900-01-01T00:00:00.000",,,,"Not Applicable",,,,"2025-10-22T06:00:14.000",,"40.636142535774","-74.012473567219","307","43","011800","3143864","3057930040","BK34","POINT (-74.012473567219 40.636142535774)"
"50168012","GOLDWATER BAR & GRILL LLC","Queens","21828","MERRICK BLVD","11413","3473698205",,"1900-01-01T00:00:00.000",,,,"Not Applicable",,,,"2025-10-22T06:00:14.000",,"40.679533839601","-73.750949438491","413","31","035800","4279953","4130120039","QN66","POINT (-73.750949438491 40.679533839601)"
"50166706","JIN XI TANG INC","Queens","3622A","UNION ST","11354","6465209697",,"1900-01-01T00:00:00.000",,,,"Not Applicable",,,,"2025-10-22T06:00:14.000",,"40.763363467301","-73.827998830602","407","20","086900","4454084","4049770057","QN22","POINT (-73.827998830602 40.763363467301)"
"50172489","CHOCOLAVA CORP.","Brooklyn","8404","5 AVENUE","11209","9174003544",,"1900-01-01T00:00:00.000",,,,"Not Applicable",,,,"2025-10-22T06:00:14.000",,"40.622726639744","-74.02541399804","310","47","013800","3152816","3060260042","BK31","POINT (-74.02541399804 40.622726639744)"
"50041617","ITTADI GARDEN & GRILL","Queens","7307","37TH RD","11372","3478662923","Bangladeshi","2023-02-02T00:00:00.000","Violations were cited in the following area(s).","02B","Hot TCS food item not held at or above 140 °F.","Critical","27",,,"2025-10-22T06:00:09.000","Cycle Inspection / Initial Inspection","40.747157090751","-73.892234586031","403","25","028900","4029791","4012840007","QN28","POINT (-73.892234586031 40.747157090751)"
"50173757","THE LAMBS CLUB","Manhattan","132","WEST   44 STREET","10036","2129975262",,"1900-01-01T00:00:00.000",,,,"Not Applicable",,,,"2025-10-22T06:00:14.000",,"40.756547028651","-73.984179419536","105","04","011900","1022617","1009960046","MN17","POINT (-73.984179419536 40.756547028651)"
"50129283","HELLO BANGLADESH","Queens","3005","36TH AVE","11106","7183924071","Bangladeshi","2025-04-09T00:00:00.000","Violations were cited in the following area(s).","02B","Hot TCS food item not held at or above 140 °F.","Critical","24",,,"2025-10-22T06:00:09.000","Cycle Inspection / Initial Inspection","40.756892068051","-73.930404237104","401","22","005300","4007967","4006030001","QN70","POINT (-73.930404237104 40.756892068051)"
"50169151","DEGIRMEN RESTAURANT AND BAKERY INC","Brooklyn","224","BRIGHTON BEACH AVENUE","11235","6097074322",,"1900-01-01T00:00:00.000",,,,"Not Applicable",,,,"2025-10-22T06:00:14.000",,"40.576565397568","-73.966226972316","313","48","036001","3245032","3086820057","BK19","POINT (-73.966226972316 40.576565397568)"
"41506131","IL PUNTO RISTORANTE","Manhattan","507509","9 AVENUE",,"2122440088","Italian","2024-10-02T00:00:00.000","Violations were cited in the following area(s).","02B","Hot TCS food item not held at or above 140 °F.","Critical","12","A","2024-10-02T00:00:00.000","2025-10-22T06:00:09.000","Cycle Inspection / Initial Inspection","0","0",,,,,"1",,
"50035271","I BAKERY 18","Brooklyn","7118","18 AVENUE","11204","7187585581","Bakery Products/Desserts","2023-05-11T00:00:00.000","Violations were cited in the following area(s).","02B","Hot TCS food item not held at or above 140 °F.","Critical","25",,,"2025-10-22T06:00:09.000","Cycle Inspection / Initial Inspection","40.615535212595","-73.993819177364","311","43","026400","3157891","3061820047","BK28","POINT (-73.993819177364 40.615535212595)"
"40667358","COPPOLA'S","Manhattan","378","3 AVENUE","10016","2126790070","Italian","2021-07-22T00:00:00.000","Violations were cited in the following area(s).","02B","Hot food item not held at or above 140º F.","Critical","37",,,"2025-10-22T06:00:09.000","Cycle Inspection / Initial Inspection","40.741535477197","-73.981180546098","106","02","006800","1018178","1008830045","MN21","POINT (-73.981180546098 40.741535477197)"
"50091299","PHAYUL RESTAURANT","Queens","3759","74TH ST","11372","7184339688","Asian/Asian Fusion","2023-03-06T00:00:00.000","Violations were cited in the following area(s).","04M","Live roaches in facility's food or non-food area.","Critical","28","B","2023-03-06T00:00:00.000","2025-10-22T06:00:09.000","Cycle Inspection / Re-inspection","40.747554444998","-73.891559049176","403","25","028900","4029817","4012850007","QN28","POINT (-73.891559049176 40.747554444998)"
"50155426","BANG BANG BANGKOK","Brooklyn","131","GRAND STREET","11249","3474220410",,"1900-01-01T00:00:00.000",,,,"Not Applicable",,,,"2025-10-22T06:00:14.000",,"40.714978009775","-73.962451898972","301","34","055300","3062610","3023800001","BK73","POINT (-73.962451898972 40.714978009775)"
"50003350","3-J RESTAURANT AND PIZZA","Bronx","554A","PROSPECT AVENUE","10455","3473461381","Latin American","2023-01-05T00:00:00.000","Violations were cited in the following area(s).","20-06","Current letter grade or Grade Pending card not posted","Not Critical",,,,"2025-10-22T06:00:09.000","Administrative Miscellaneous / Re-inspection","40.812394239758","-73.904411302372","202","17","008300","2005080","2026830001","BX33","POINT (-73.904411302372 40.812394239758)"
"40403419","AIR INDIA LOUNGE","Queens","4","- JFK AIRPORT",,"7187514040","Indian","2023-10-03T00:00:00.000","Violations were cited in the following area(s).","04L","Evidence of mice or live mice in establishment's food or non-food areas.","Critical","23",,,"2025-10-22T06:00:09.000","Cycle Inspection / Initial Inspection","0","0",,,,,"4",,
"50174386","AMADEUS COFFEE","Queens","3041","31ST ST","11102","9174955229",,"1900-01-01T00:00:00.000",,,,"Not Applicable",,,,"2025-10-22T06:00:14.000",,"40.765944462913","-73.922138568457","401","22","006300","4008477","4006150020","QN70","POINT (-73.922138568457 40.765944462913)"
"50173503","EL QUINTO PATIO CORP.","Brooklyn","976","MCDONALD AVENUE","11230","3475648477",,"1900-01-01T00:00:00.000",,,,"Not Applicable",,,,"2025-10-22T06:00:14.000",,"40.630009068441","-73.977036631135","312","44","047600","3128737","3054390052","BK88","POINT (-73.977036631135 40.630009068441)"
"50172436","CORNER SAN JUAN","Brooklyn","1257","36 STREET","11218","3479326797",,"1900-01-01T00:00:00.000",,,,"Not Applicable",,,,"2025-10-22T06:00:14.000",,"40.642754461932","-73.985384800302","312","39","049600","3123739","3053080037","BK41","POINT (-73.985384800302 40.642754461932)"
"50169460","MIJO CORP","Manhattan","42","BROADWAY","10004","6789755705",,"1900-01-01T00:00:00.000",,,,"Not Applicable",,,,"2025-10-22T06:00:14.000",,"40.706263297358","-74.012908734166","101","01","000900","1000812","1000220020","MN25","POINT (-74.012908734166 40.706263297358)"
"50162616","GERMAN BRATWURST","Manhattan","1","HERALD SQUARE","10001","6462295770",,"1900-01-01T00:00:00.000",,,,"Not Applicable",,,,"2025-10-22T06:00:14.000",,"40.750541907818","-73.987541021756","105","04","010900","1089436","1008100045","MN17","POINT (-73.987541021756 40.750541907818)"
"50177147","INDIGO COFFEE CO LLC","Manhattan","1078","1 AVENUE","10022","5512004144",,"1900-01-01T00:00:00.000",,,,"Not Applicable",,,,"2025-10-22T06:00:14.000",,"40.759363484393","-73.96213439703","106","05","010601","1040640","1013700046","MN19","POINT (-73.96213439703 40.759363484393)"
"50176967","UMI POKE WOK","Brooklyn","110B","NASSAU AVENUE","11222","7188839890",,"1900-01-01T00:00:00.000",,,,"Not Applicable",,,,"2025-10-22T06:00:14.000",,"40.724225594654","-73.949372090247","301","33","057100","3066773","3026810006","BK76","POINT (-73.949372090247 40.724225594654)"
"50151257","PIEROGI ISLAND CORP.","Staten Island","3981","AMBOY ROAD","10308","3476001071",,"1900-01-01T00:00:00.000",,,,"Not Applicable",,,,"2025-10-22T06:00:14.000",,"40.550505726565","-74.150454661719","503","51","014604","5070208","5054280001","SI54","POINT (-74.150454661719 40.550505726565)"
"50166165","VILLAGE WORKS","Manhattan","12","SAINT MARKS PLACE","10003","9177490319",,"1900-01-01T00:00:00.000",,,,"Not Applicable",,,,"2025-10-22T06:00:14.000",,"40.729201535485","-73.98913256705","103","02","003800","1006665","1004630015","MN22","POINT (-73.98913256705 40.729201535485)"
"50164905","FOODA, INC.","Manhattan","1515","BROADWAY","10036","2144035379",,"1900-01-01T00:00:00.000",,,,"Not Applicable",,,,"2025-10-22T06:00:14.000",,"40.7576286762","-73.985803477709","105","03","011900","1024714","1010160036","MN17","POINT (-73.985803477709 40.7576286762)"
"41627984","JOUVAY NIGHT CLUB","Queens","14702","LIBERTY AVENUE","11435","7186589600","Caribbean","2016-02-14T00:00:00.000","No violations were recorded at the time of this inspection.",,,"Not Applicable",,,,"2025-10-22T06:00:11.000","Smoke-Free Air Act / Initial Inspection","40.696218749871","-73.804407456832","412","28","020400","4448842","4100580001","QN61","POINT (-73.804407456832 40.696218749871)"
"50177178","MR. PIZZA","Brooklyn","2127","CHURCH AVENUE","11226","5513581106",,"1900-01-01T00:00:00.000",,,,"Not Applicable",,,,"2025-10-22T06:00:14.000",,"40.650271698077","-73.959551390379","314","40","050801","3116592","3050820047","BK42","POINT (-73.959551390379 40.650271698077)"
"50174918","LA PIZZA ITALIA","Brooklyn","32","5 AVENUE","11217","6462692185",,"1900-01-01T00:00:00.000",,,,"Not Applicable",,,,"2025-10-22T06:00:14.000",,"40.682019817094","-73.976668920274","306","39","012901","3018434","3009300036","BK37","POINT (-73.976668920274 40.682019817094)"
"50126573","NEW BLUE SPACE INC","Manhattan","42 W","42ND ST","10036","7187901106",,"1900-01-01T00:00:00.000",,,,"Not Applicable",,,,"2025-10-22T06:00:14.000",,"40.754068239421","-73.982321170752","105","04","008400","1085593","1012570002","MN17","POINT (-73.982321170752 40.754068239421)"
"50173314","BLUE MEZCAL","Brooklyn","758","5 AVENUE","11232","7184992348",,"1900-01-01T00:00:00.000",,,,"Not Applicable",,,,"2025-10-22T06:00:14.000",,"40.658460970554","-73.996431837413","307","38","010100","3336879","3006580030","BK32","POINT (-73.996431837413 40.658460970554)"
"50176830","LA SAZON DE NORMITA'S CORP.","Brooklyn","338","KNICKERBOCKER AVENUE","11237","3473566504",,"1900-01-01T00:00:00.000",,,,"Not Applicable",,,,"2025-10-22T06:00:14.000",,"40.701025362621","-73.922279598723","304","37","042900","3073834","3032460027","BK77","POINT (-73.922279598723 40.701025362621)"
"50130050","SCARR'S PIZZA","Manhattan","35","ORCHARD STREET","10002","2123343481","Pizza","2025-05-17T00:00:00.000","No violations were recorded at the time of this inspection.",,,"Not Applicable","0",,,"2025-10-22T06:00:09.000","Inter-Agency Task Force / Initial Inspection","40.715735905626","-73.991465095733","103","01","001600","1003865","1002990022","MN27","POINT (-73.991465095733 40.715735905626)"
"41623317","PRONTO PIZZA","Staten Island","2935","VETERANS ROAD",,"7183562500","Pizza","2024-11-12T00:00:00.000","Violations were cited in the following area(s).","02B","Hot TCS food item not held at or above 140 °F.","Critical","9","A","2024-11-12T00:00:00.000","2025-10-22T06:00:09.000","Cycle Inspection / Initial Inspection","0","0",,,,,"5",,
"50172379","EKAALEE LLC","Brooklyn","147","FRONT STREET","11201","530744",,"1900-01-01T00:00:00.000",,,,"Not Applicable",,,,"2025-10-22T06:00:14.000",,"40.702448090622","-73.987312009551","302","33","002100","3000090","3000400001","BK38","POINT (-73.987312009551 40.702448090622)"
"50173071","PICALO RESTAURANT","Bronx","2119","GRAND CONCOURSE","10453","3476156717",,"1900-01-01T00:00:00.000",,,,"Not Applicable",,,,"2025-10-22T06:00:14.000",,"40.854482757024","-73.901953922035","205","14","023501","2013749","2031610018","BX41","POINT (-73.901953922035 40.854482757024)"
"50175021","THE TWISTED SPINE, LLC","Brooklyn","306","GRAND STREET","11211","9136605255",,"1900-01-01T00:00:00.000",,,,"Not Applicable",,,,"2025-10-22T06:00:14.000",,"40.712901145073","-73.957255155736","301","34","052300","3062826","3023950014","BK73","POINT (-73.957255155736 40.712901145073)"
"50175752","NEW OH BAGEL LLC","Brooklyn","1755","CONEY ISLAND AVENUE","11230","7187872100",,"1900-01-01T00:00:00.000",,,,"Not Applicable",,,,"2025-10-22T06:00:14.000",,"40.614379400049","-73.96319664931","314","48","054200","3181195","3067490086","BK43","POINT (-73.96319664931 40.614379400049)"
"41244032","ESTRELLITA POBLANA # 1","Bronx","22272231","WESTCHESTER AVENUE",,"7185187425","Mexican","2022-06-23T00:00:00.000","Violations were cited in the following area(s).","04M","Live roaches present in facility's food and/or non-food areas.","Critical","0",,,"2025-10-22T06:00:09.000","Cycle Inspection / Initial Inspection","0","0",,,,,"2",,
"50067032","TAQUERIA ON TENTH","Manhattan",,"10TH AVE","10001","2126958080","American","2024-12-04T00:00:00.000","Violations were cited in the following area(s).","10A","Toilet facility not maintained or provided with toilet paper, waste receptacle or self-closing door.","Not Critical","18",,,"2025-10-22T06:00:09.000","Cycle Inspection / Initial Inspection",,,,,,,,,
"50165435","QUINOA KITCHEN CORP","Brooklyn","287","BEDFORD AVENUE","11211","2033914303",,"1900-01-01T00:00:00.000",,,,"Not Applicable",,,,"2025-10-22T06:00:14.000",,"40.714085658803","-73.961543383051","301","34","055100","3062784","3023930002","BK73","POINT (-73.961543383051 40.714085658803)"
"50168503","LA QUINTA INN AND SUITES CENTRAL PARK","Manhattan","31","WEST   71 STREET","10023","5169159068",,"1900-01-01T00:00:00.000",,,,"Not Applicable",,,,"2025-10-22T06:00:14.000",,"40.776179253854","-73.977982557122","107","06","015700","1028614","1011240018","MN14","POINT (-73.977982557122 40.776179253854)"
"50160670","MAO'S BAO","Manhattan","42","BROADWAY","10004","3473431028",,"1900-01-01T00:00:00.000",,,,"Not Applicable",,,,"2025-10-22T06:00:14.000",,"40.706263297358","-74.012908734166","101","01","000900","1000812","1000220020","MN25","POINT (-74.012908734166 40.706263297358)"
"50159452","SHISO","Manhattan","218","EAST    9 STREET","10003","9295274296",,"1900-01-01T00:00:00.000",,,,"Not Applicable",,,,"2025-10-22T06:00:14.000",,"40.729668073893","-73.988400052291","103","02","003800","1006742","1004640019","MN22","POINT (-73.988400052291 40.729668073893)"
"50172122","JW BBQ RESTAURANT INC","Queens","4009","149TH PL","11354","7183211738",,"1900-01-01T00:00:00.000",,,,"Not Applicable",,,,"2025-10-22T06:00:14.000",,"40.763170579612","-73.815155305521","407","20","116700","4114034","4050310013","QN51","POINT (-73.815155305521 40.763170579612)"
"40825908","POLANCO RESTAURANT BBQ","Manhattan","2421","ADAM CLAYTON POWELL JR B",,"2128621090","Latin American","2022-02-09T00:00:00.000","Violations were cited in the following area(s).","20F","Current letter grade sign not posted.","Not Critical",,,,"2025-10-22T06:00:09.000","Administrative Miscellaneous / Initial Inspection","0","0",,,,,"1",,
"50132356","ELECTRIC ROOM","Manhattan","355","WEST   16 STREET","10011","9175395220",,"1900-01-01T00:00:00.000",,,,"Not Applicable",,,,"2025-10-22T06:00:14.000",,"40.741726367976","-74.003081852298","104","03","008300","1088885","1007407502","MN13","POINT (-74.003081852298 40.741726367976)"
"50170311","HUNNY","Queens","4202","NORTHERN BLVD","11101","6462873000",,"1900-01-01T00:00:00.000",,,,"Not Applicable",,,,"2025-10-22T06:00:14.000",,"40.753068276318","-73.921377667644","401","26","017100","4002366","4001830051","QN31","POINT (-73.921377667644 40.753068276318)"
"50153007","EARLY TERRIBLE","Manhattan","303","BROOME STREET","10002","5184214003",,"1900-01-01T00:00:00.000",,,,"Not Applicable",,,,"2025-10-22T06:00:14.000",,"40.718722268935","-73.992247534121","103","01","001800","1005565","1004180037","MN27","POINT (-73.992247534121 40.718722268935)"
"50145971","LE SIA","Manhattan","651","9 AVENUE","10036","6465595220",,"1900-01-01T00:00:00.000",,,,"Not Applicable",,,,"2025-10-22T06:00:14.000",,"40.760648437484","-73.991018928325","104","03","012100","1083775","1010550031","MN15","POINT (-73.991018928325 40.760648437484)"
"50172077","JOEY BATS CAFE","Manhattan","88","ESSEX STREET","10002","4133749481",,"1900-01-01T00:00:00.000",,,,"Not Applicable",,,,"2025-10-22T06:00:14.000",,"40.718140053728","-73.988402066414","103","01","001800","1090554","1003527501","MN27","POINT (-73.988402066414 40.718140053728)"
"50169071","PAOLINA","Brooklyn","287","BEDFORD AVENUE","11211","9419936053",,"1900-01-01T00:00:00.000",,,,"Not Applicable",,,,"2025-10-22T06:00:14.000",,"40.714085658803","-73.961543383051","301","34","055100","3062784","3023930002","BK73","POINT (-73.961543383051 40.714085658803)"
"50109050","THE HOUSE OF MACHINES","Manhattan","49","MONROE STREET","10002","9173557465",,"1900-01-01T00:00:00.000",,,,"Not Applicable",,,,"2025-10-22T06:00:14.000",,"40.711627142767","-73.993914838323","103","01","000800","1003265","1002740002","MN27","POINT (-73.993914838323 40.711627142767)"
"50167724","MANGUITOS SNACK & BAR CORP","Bronx","27","WEST  183 STREET","10453","6463383238",,"1900-01-01T00:00:00.000",,,,"Not Applicable",,,,"2025-10-22T06:00:14.000",,"40.858783667295","-73.905121618961","207","14","025300","2014230","2031970014","BX30","POINT (-73.905121618961 40.858783667295)"
"41194745","GOLDEN PALACE GOURMET","Queens","14009","CHERRRY AVENUE",,"7188864383","Chinese","2023-05-10T00:00:00.000","Violations were cited in the following area(s).","04M","Live roaches in facility's food or non-food area.","Critical","34","C","2023-05-10T00:00:00.000","2025-10-22T06:00:09.000","Cycle Inspection / Re-inspection","0","0",,,,,"4",,
"50176615","YSO SUSHI I INC.","Queens","666","ONDERDONK AVENUE","11385","7183169368",,"1900-01-01T00:00:00.000",,,,"Not Applicable",,,,"2025-10-22T06:00:14.000",,"40.704319349899","-73.907812895539","405","34","054700","4082532","4034540040","QN20","POINT (-73.907812895539 40.704319349899)"
"50148904","SIP & SIZZLE","Manhattan","1599","YORK AVENUE","10028","2125353700",,"1900-01-01T00:00:00.000",,,,"Not Applicable",,,,"2025-10-22T06:00:14.000",,"40.774942613332","-73.947849453599","108","05","014401","1050501","1015640025","MN32","POINT (-73.947849453599 40.774942613332)"
"50158449","NEW YORK BEER DISPENSARY","Manhattan","223","WEST   14 STREET","10011","3474032555",,"1900-01-01T00:00:00.000",,,,"Not Applicable",,,,"2025-10-22T06:00:14.000",,"40.738921260148","-74.000548503222","104","03","008100","1078481","1007647502","MN13","POINT (-74.000548503222 40.738921260148)"
"50165935","LE BISTROQUET","Manhattan","50","WEST   22 STREET","10010","9297054882",,"1900-01-01T00:00:00.000",,,,"Not Applicable",,,,"2025-10-22T06:00:14.000",,"40.741542208716","-73.991681908845","105","03","005800","1015549","1008230070","MN13","POINT (-73.991681908845 40.741542208716)"
"50171398","PASCUAL MORAN","Staten Island","1254D","CASTLETON AVE","10310","6466841209",,"1900-01-01T00:00:00.000",,,,"Not Applicable",,,,"2025-10-22T06:00:14.000",,"40.633951081872","-74.124508223789","501","49","013302",,"5","SI22","POINT (-74.124508223789 40.633951081872)"
"50161002","Elgreco","Bronx","610","EXTERIOR STREET","10451","7187914121",,"1900-01-01T00:00:00.000",,,,"Not Applicable",,,,"2025-10-22T06:00:14.000",,"40.821383014047","-73.930831519586","204","08","006300","2119100","2023570035","BX63","POINT (-73.930831519586 40.821383014047)"
"50173664","FRATELLINI RG INC.","Queens","4","CENTRAL TERMINAL AREA","11430","9172840421",,"1900-01-01T00:00:00.000",,,,"Not Applicable",,,,"2025-10-22T06:00:14.000",,"40.643905973004","-73.783095790557","483","31","071600","4542179","4142600001","QN98","POINT (-73.783095790557 40.643905973004)"
"50162045","WOOD FIRED EDIBLES INC.","Manhattan","1802","65TH ST",,"5164455245",,"1900-01-01T00:00:00.000",,,,"Not Applicable",,,,"2025-10-22T06:00:14.000",,"0","0",,,,,"1",,
"50175364","THE BLINDED TIGER","Queens",,"JFK INTERNATIONAL AIRPORT","11430","2015282436",,"1900-01-01T00:00:00.000",,,,"Not Applicable",,,,"2025-10-22T06:00:14.000",,"40.648312826068","-73.788281497594",,,,,,,"POINT (-73.788281497594 40.648312826068)"
"50161114","RAMEN GOKU","Manhattan","150","8 AVENUE","10011","2126750080",,"1900-01-01T00:00:00.000",,,,"Not Applicable",,,,"2025-10-22T06:00:14.000",,"40.741899325529","-74.000945488766","104","03","008100","1013845","1007670002","MN13","POINT (-74.000945488766 40.741899325529)"
"50174011","ARMADA","Manhattan","86","ORCHARD STREET","10002","3472837956",,"1900-01-01T00:00:00.000",,,,"Not Applicable",,,,"2025-10-22T06:00:14.000",,"40.71791790585","-73.990324866634","103","01","001800","1005273","1004080009","MN27","POINT (-73.990324866634 40.71791790585)"
"50172101","METRO PRIVATE CINEMA","Manhattan","131","8 AVENUE","10011","5125073361",,"1900-01-01T00:00:00.000",,,,"Not Applicable",,,,"2025-10-22T06:00:14.000",,"40.741284493829","-74.001414611309","104","03","008300","1088116","1007407501","MN13","POINT (-74.001414611309 40.741284493829)"
"50157923","GOLAN HEIGHTS","Manhattan","2553","AMSTERDAM AVENUE","10033","7189093343",,"1900-01-01T00:00:00.000",,,,"Not Applicable",,,,"2025-10-22T06:00:14.000",,"40.851609280086","-73.928323888333","112","10","026700","1063585","1021490097","MN35","POINT (-73.928323888333 40.851609280086)"
"50166736","NON LA TAN LLC","Queens","13333","39TH AVE","11354","3473998961",,"1900-01-01T00:00:00.000",,,,"Not Applicable",,,,"2025-10-22T06:00:14.000",,"40.759109919719","-73.834160749112","407","20","087100","4000000","4049727504","QN22","POINT (-73.834160749112 40.759109919719)"
"50015990","PIL PIL","Manhattan","265","EAST   78 STREET","10075","2129883788","Tapas","2023-01-07T00:00:00.000","Violations were cited in the following area(s).","09B","Thawing procedure improper.","Not Critical","49",,,"2025-10-22T06:00:09.000","Cycle Inspection / Initial Inspection","40.773027605414","-73.956425729441","108","05","013400","1044175","1014330022","MN31","POINT (-73.956425729441 40.773027605414)"
"50176478","MOONBURGER MANHATTAN","Manhattan","72","KENMARE STREET","10012","9089022776",,"1900-01-01T00:00:00.000",,,,"Not Applicable",,,,"2025-10-22T06:00:14.000",,"40.721030817821","-73.996208410912","102","01","004100","1007178","1004800004","MN24","POINT (-73.996208410912 40.721030817821)"
"50173006","JOEY BATS CAFE","Manhattan","89","EAST   42 STREET","10017","4133749481",,"1900-01-01T00:00:00.000",,,,"Not Applicable",,,,"2025-10-22T06:00:14.000",,"40.752093933162","-73.977604354379","105","04","009200","1035381","1012800001","MN19","POINT (-73.977604354379 40.752093933162)"
"50160640","SIGNATURE SEAFOOD & GRILL","Queens","23316","MERRICK BLVD","11422","9293316698",,"1900-01-01T00:00:00.000",,,,"Not Applicable",,,,"2025-10-22T06:00:14.000",,"40.674802943325","-73.736712581163","413","31","063200","4282736","4131610035","QN66","POINT (-73.736712581163 40.674802943325)"
"50159882","SAKE BAR ASOKO","Manhattan","127","EAST BROADWAY","10002","3109233599",,"1900-01-01T00:00:00.000",,,,"Not Applicable",,,,"2025-10-22T06:00:14.000",,"40.713877739016","-73.992046095844","103","01","000600","1003578","1002830041","MN28","POINT (-73.992046095844 40.713877739016)"
"50177241","SOMEDAYS","Queens","2337","30TH AVE","11102","7185144988",,"1900-01-01T00:00:00.000",,,,"Not Applicable",,,,"2025-10-22T06:00:14.000",,"40.76900735813","-73.925900424521","401","22","007100","4006266","4005480013","QN71","POINT (-73.925900424521 40.76900735813)"
"50148053","JUKE BAR","Brooklyn","400","TROUTMAN STREET","11237","6463344880",,"1900-01-01T00:00:00.000",,,,"Not Applicable",,,,"2025-10-22T06:00:14.000",,"40.706301376735","-73.923113808715","304","34","044700","3072597","3031880034","BK77","POINT (-73.923113808715 40.706301376735)"
"50175002","TIME OUT MARKET (MANHATTAN) LLC","Manhattan","124","EAST   14 STREET","10003","6462956778",,"1900-01-01T00:00:00.000",,,,"Not Applicable",,,,"2025-10-22T06:00:14.000",,"40.733785220688","-73.988392116202","103","02","004200","1084306","1005590016","MN22","POINT (-73.988392116202 40.733785220688)"
"50159947","KISSA KISSA","Brooklyn","667","FRANKLIN AVENUE","11238","3475079090",,"1900-01-01T00:00:00.000",,,,"Not Applicable",,,,"2025-10-22T06:00:14.000",,"40.675643182321","-73.956157929789","308","35","022100","3030864","3012240010","BK61","POINT (-73.956157929789 40.675643182321)"
"50159607","DESI TADKA & GRILL","Queens","141-16","ROCKAWAY BOULEVARD","11436","9293588154",,"1900-01-01T00:00:00.000",,,,"Not Applicable",,,,"2025-10-22T06:00:14.000",,"40.674149934581","-73.799198217509","412","28","079000","4261769","4120560023","QN76","POINT (-73.799198217509 40.674149934581)"
"50146943","EL HUASTECO MEXICAN FOOD","Brooklyn","347A-347B","EMPIRE BLVD","11225","6616276320","Mexican","2024-09-26T00:00:00.000","Violations were cited in the following area(s).","09B","Thawing procedure improper.","Not Critical","47",,,"2025-10-22T06:00:09.000","Pre-permit (Operational) / Initial Inspection",,,,,,,,,
"50033660","RUSTY'S FLAVOR","Manhattan","2261","ADAM CLAYTON POWELL JR BOULEVARD",,"2123683403","Caribbean","2022-04-21T00:00:00.000","Establishment re-opened by DOHMH.","10C","Lighting Inadequate","Not Critical","4","P","2022-04-21T00:00:00.000","2025-10-22T06:00:09.000","Cycle Inspection / Reopening Inspection","0","0",,,,,"1",,
"50165514","DRIP","Brooklyn","343","TOMPKINS AVENUE","11216","9177046742",,"1900-01-01T00:00:00.000",,,,"Not Applicable",,,,"2025-10-22T06:00:14.000",,"40.686054526325","-73.944443342352","303","36","026500","3322346","3018200009","BK75","POINT (-73.944443342352 40.686054526325)"
"50176894","THAI HOT BOX","Manhattan","1598","3 AVENUE","10128","6306186509",,"1900-01-01T00:00:00.000",,,,"Not Applicable",,,,"2025-10-22T06:00:14.000",,"40.781180622161","-73.952278701714","108","05","014802","1048125","1015180038","MN40","POINT (-73.952278701714 40.781180622161)"
"50162437","African Restaurant Le Dakar","Bronx","2778","3 AVENUE","10455","9292839746",,"1900-01-01T00:00:00.000",,,,"Not Applicable",,,,"2025-10-22T06:00:14.000",,"40.814953052951","-73.919674942984","201","08","004300","2000673","2023070040","BX39","POINT (-73.919674942984 40.814953052951)"
"41656924","TENZAN","Manhattan","988990","2 AVENUE",,"2129805900","Japanese","2023-11-21T00:00:00.000","Violations were cited in the following area(s).","04L","Evidence of mice or live mice in establishment's food or non-food areas.","Critical","12","A","2023-11-21T00:00:00.000","2025-10-22T06:00:09.000","Cycle Inspection / Re-inspection","0","0",,,,,"1",,
"50177786","BIRDIELAND LLC","Manhattan","152","7 AVENUE SOUTH","10014","07402364",,"1900-01-01T00:00:00.000",,,,"Not Applicable",,,,"2025-10-22T06:00:14.000",,"40.735163663672","-74.001919652598","102","03","007300","1010874","1006120029","MN23","POINT (-74.001919652598 40.735163663672)"
"50144249","FINE FOOD CUISINE INC.","Bronx","671","MORRIS PARK AVENUE","10462","9172937759",,"1900-01-01T00:00:00.000",,,,"Not Applicable",,,,"2025-10-22T06:00:14.000",,"40.845027771958","-73.867074927077","211","13","023600","2098271","2040480001","BX37","POINT (-73.867074927077 40.845027771958)"
"50172119","SEQUOIA CAFE LLC","Staten Island","1203","BAY STREET","10305","3474161669",,"1900-01-01T00:00:00.000",,,,"Not Applicable",,,,"2025-10-22T06:00:14.000",,"40.613938099334","-74.066013640576","501","49","000600","5042172","5028300011","SI37","POINT (-74.066013640576 40.613938099334)"
"50170184","CYCLE CAFE","Manhattan","205","WEST   38 STREET","10018","9296715820",,"1900-01-01T00:00:00.000",,,,"Not Applicable",,,,"2025-10-22T06:00:14.000",,"40.753728750978","-73.989287362895","105","03","011300","1014482","1007880044","MN17","POINT (-73.989287362895 40.753728750978)"
"41720069","D'ANGELO'S PIZZA","Queens","11807","QUEENS BOULEVARD","11375","7182615900","Pizza","2023-01-10T00:00:00.000","Violations were cited in the following area(s).","09B","Thawing procedure improper.","Not Critical","23","B","2023-01-10T00:00:00.000","2025-10-22T06:00:09.000","Cycle Inspection / Re-inspection","40.715009428517","-73.832074065603","406","29","075701","4052809","4022700013","QN17","POINT (-73.832074065603 40.715009428517)"
"50166293","JFK19 FL 12","Manhattan","450","WEST   33 STREET","10001","7043285184",,"1900-01-01T00:00:00.000",,,,"Not Applicable",,,,"2025-10-22T06:00:14.000",,"40.753556325005","-73.998812517372","104","03","010300","1089695","1007297507","MN13","POINT (-73.998812517372 40.753556325005)"
"50165472","RANDALL MANOR","Staten Island","382-384","FOREST AVE","10301","9175455416",,"1900-01-01T00:00:00.000",,,,"Not Applicable",,,,"2025-10-22T06:00:14.000",,"40.630981415993","-74.102118975768","501","49","005900","5006935","5002520006","SI35","POINT (-74.102118975768 40.630981415993)"
"50165116","OK HAND LLC","Queens","4313","BELL BLVD","11361","3478049984",,"1900-01-01T00:00:00.000",,,,"Not Applicable",,,,"2025-10-22T06:00:14.000",,"40.761252388973","-73.769836018267","411","19","146700","4138360","4063000012","QN46","POINT (-73.769836018267 40.761252388973)"
"50157280","MIMI'S","Brooklyn","1035","CORTELYOU ROAD","11218","9176793299","Mediterranean","2024-09-27T00:00:00.000","Establishment re-opened by DOHMH.",,,"Not Applicable","0","Z","2024-09-27T00:00:00.000","2025-10-22T06:00:09.000","Pre-permit (Operational) / Reopening Inspection","40.63941065045","-73.968450627873","314","40","152200","3118194","3051410112","BK42","POINT (-73.968450627873 40.63941065045)"
"50160683","ORCHARD","Manhattan","1802","65TH ST TRANSVERSE",,"8622907199",,"1900-01-01T00:00:00.000",,,,"Not Applicable",,,,"2025-10-22T06:00:14.000",,"0","0",,,,,"1",,
"50176149","MONTIELLE CAFE CORP","Queens","9117","37TH AVE","11372","6467011833",,"1900-01-01T00:00:00.000",,,,"Not Applicable",,,,"2025-10-22T06:00:14.000",,"40.750653665867","-73.875698703071","403","25","027500","4036040","4014650037","QN28","POINT (-73.875698703071 40.750653665867)"
"50168460","EL CHALTECO DELI","Brooklyn","4002","3 AVENUE","11232","3473222388",,"1900-01-01T00:00:00.000",,,,"Not Applicable",,,,"2025-10-22T06:00:14.000",,"40.653190707078","-74.008862036378","307","38","000200","3010571","3007120037","BK32","POINT (-74.008862036378 40.653190707078)"
"50167822","OMI OMAKASE","Queens","13342","39TH AVE","11354","8599130889",,"1900-01-01T00:00:00.000",,,,"Not Applicable",,,,"2025-10-22T06:00:14.000",,"40.759098909404","-73.834139118565","407","20","087100","4596186","4049737501","QN22","POINT (-73.834139118565 40.759098909404)"
"50152665","NAPOLES","Queens","8015","NORTHERN BLVD","11372","7185658803",,"1900-01-01T00:00:00.000",,,,"Not Applicable",,,,"2025-10-22T06:00:14.000",,"40.755389083024","-73.886994701009","403","25","030903","4026896","4011760038","QN28","POINT (-73.886994701009 40.755389083024)"
"50150088","JERUSALEM STEAK HOUSE II","Brooklyn","1319","AVENUE J","11230","7182588899",,"1900-01-01T00:00:00.000",,,,"Not Applicable",,,,"2025-10-22T06:00:14.000",,"40.62500713944","-73.962989032481","314","44","053000","3179568","3067060044","BK43","POINT (-73.962989032481 40.62500713944)"
"50173759","FORMOSA","Brooklyn","43","UNDERHILL AVENUE","11238","3473658992",,"1900-01-01T00:00:00.000",,,,"Not Applicable",,,,"2025-10-22T06:00:14.000",,"40.679692028517","-73.965017224926","308","35","020300","3027677","3011310001","BK64","POINT (-73.965017224926 40.679692028517)"
"50128694","PARTY HOUSE BAR & LOUNGE","Queens","13780","NORTHERN BLVD","11354","2538807717",,"1900-01-01T00:00:00.000",,,,"Not Applicable",,,,"2025-10-22T06:00:14.000",,"40.763836315625","-73.828499385868","407","20","086900","4112354","4049770052","QN22","POINT (-73.828499385868 40.763836315625)"
"50150847","PRIME (CONNECTOR LEVEL)","Queens","LAGUARDIA","AIRPORT","11371","2159970667",,"1900-01-01T00:00:00.000",,,,"Not Applicable",,,,"2025-10-22T06:00:14.000",,,,,,,,,,
"50139266","ADRIENNES","Queens","25","VAN BRUNT ROAD","11693","6469123650","American","2025-06-16T00:00:00.000","No violations were recorded at the time of this inspection.",,,"Not Applicable","0",,,"2025-10-22T06:00:11.000","Cycle Inspection / Initial Inspection","40.597585335457","-73.819770927129","414","32","107201","4297614","4155000080","QN10","POINT (-73.819770927129 40.597585335457)"
"50160814","LOCA MADRES INC","Manhattan","42","WEST   42 STREET","10036","7188971732",,"1900-01-01T00:00:00.000",,,,"Not Applicable",,,,"2025-10-22T06:00:14.000",,"40.754068239421","-73.982321170752","105","04","008400","1085593","1012570002","MN17","POINT (-73.982321170752 40.754068239421)"
"50133259","PAIN DE VIE","Queens","21877","HEMPSTEAD AVE","11429","5165473962","Caribbean","2023-05-24T00:00:00.000","No violations were recorded at the time of this inspection.",,,"Not Applicable",,,,"2025-10-22T06:00:11.000","Administrative Miscellaneous / Re-inspection","40.713191396399","-73.735470988375","413","27","056800","4230905","4107720043","QN34","POINT (-73.735470988375 40.713191396399)"
"50174507","GNOCCHI ON 9TH","Brooklyn","169","7 AVENUE","11215","2012745976",,"1900-01-01T00:00:00.000",,,,"Not Applicable",,,,"2025-10-22T06:00:14.000",,"40.671878017392","-73.977404282996","306","39","015700","3339462","3010740078","BK37","POINT (-73.977404282996 40.671878017392)"
"50172508","MIA'S COCINA","Manhattan","88","ESSEX STREET","10002","6465921035",,"1900-01-01T00:00:00.000",,,,"Not Applicable",,,,"2025-10-22T06:00:14.000",,"40.718140053728","-73.988402066414","103","01","001800","1090554","1003527501","MN27","POINT (-73.988402066414 40.718140053728)"
"50165827","AB STABLE LLC","Manhattan","301","PARK AVENUE","10022","5182826019",,"1900-01-01T00:00:00.000",,,,"Not Applicable",,,,"2025-10-22T06:00:14.000",,"40.756641320864","-73.974357845236","105","04","010000","1084771","1013047501","MN19","POINT (-73.974357845236 40.756641320864)"
"50177366","BREWLYN INC","Brooklyn","833","FRANKLIN AVENUE","11225","3478246768",,"1900-01-01T00:00:00.000",,,,"Not Applicable",,,,"2025-10-22T06:00:14.000",,"40.66992658369","-73.958223662985","309","35","032500","3032872","3012660001","BK63","POINT (-73.958223662985 40.66992658369)"
"50166524","TROPICAL VYBZ","Queens","126-17","MERRICK BOULEVARD","11434","2129207359",,"1900-01-01T00:00:00.000",,,,"Not Applicable",,,,"2025-10-22T06:00:14.000",,"40.681868584886","-73.766076525807","412","27","036600","4269910","4124860004","QN08","POINT (-73.766076525807 40.681868584886)"
"50106949","GUIRA & TAMBORA","Manhattan","2531","FREDERICK DOUGLASS BOULEVARD",,"3479958770","Caribbean","2023-01-03T00:00:00.000","Violations were cited in the following area(s).","02B","Hot TCS food item not held at or above 140 °F.","Critical","27",,,"2025-10-22T06:00:09.000","Pre-permit (Operational) / Initial Inspection","0","0",,,,,"1",,
"50170507","NEXO NUTRITION CLUB","Queens","9505","SUTPHIN BLVD","11435","5167702132",,"1900-01-01T00:00:00.000",,,,"Not Applicable",,,,"2025-10-22T06:00:14.000",,"40.698231217747","-73.806345364405","412","27","020800","4214500","4100270001","QN61","POINT (-73.806345364405 40.698231217747)"
"50163505","COBBLER BUSHWICK ROASTER","Brooklyn","764","EVERGREEN AVENUE","11207","9172391881",,"1900-01-01T00:00:00.000",,,,"Not Applicable",,,,"2025-10-22T06:00:14.000",,"40.686138302337","-73.908231149908","304","37","040300","3079923","3034390040","BK78","POINT (-73.908231149908 40.686138302337)"
"50149968","BEL-FRIES","Manhattan","NKA","HIGHLINE PARK W 15TH ST","10011","6465991401",,"1900-01-01T00:00:00.000",,,,"Not Applicable",,,,"2025-10-22T06:00:14.000",,,,,,,,,,
"50176348","THIRFT & SIP CORPORATION","Queens","12317","JAMAICA AVE","11418","9176508630",,"1900-01-01T00:00:00.000",,,,"Not Applicable",,,,"2025-10-22T06:00:14.000",,"40.700764316363","-73.826721963712","409","29","014201","4193814","4092770083","QN54","POINT (-73.826721963712 40.700764316363)"
"50172772","POTBELLY","Manhattan","1","DEY STREET","10007","9175765313",,"1900-01-01T00:00:00.000",,,,"Not Applicable",,,,"2025-10-22T06:00:14.000",,"40.710487816551","-74.009677657775","101","01","001300","1088675","1000630013","MN25","POINT (-74.009677657775 40.710487816551)"
"50113740","104 DYCKMAN CORP","Manhattan","104","DYCKMAN STREET","10040","3472207660",,"1900-01-01T00:00:00.000",,,,"Not Applicable",,,,"2025-10-22T06:00:14.000",,"40.861847700788","-73.924918071796","112","10","028500","1084401","1021740066","MN35","POINT (-73.924918071796 40.861847700788)"
"41010433","LONDEL'S SUPPER CLUB","Manhattan","2620","FREDERICK DOUGLASS BOULEVARD",,"2122346114","American","2019-11-08T00:00:00.000","Violations were cited in the following area(s).","04L","Evidence of mice or live mice present in facility's food and/or non-food areas.","Critical","12","A","2019-11-08T00:00:00.000","2025-10-22T06:00:09.000","Cycle Inspection / Re-inspection","0","0",,,,,"1",,
"50173802","GLATT 16TH AVENUE INC.","Brooklyn","4809","16 AVENUE","11204","6462413418",,"1900-01-01T00:00:00.000",,,,"Not Applicable",,,,"2025-10-22T06:00:14.000",,"40.631470618199","-73.985041417791","312","44","047400","3128986","3054480007","BK88","POINT (-73.985041417791 40.631470618199)"
"50034739","ELLINGTON IN THE PARK","Manhattan","W105","HUDSON BEACH",,"9176805280","American","2023-10-05T00:00:00.000","Violations were cited in the following area(s).","08A","Establishment is not free of harborage or conditions conducive to rodents, insects or other pests.","Not Critical","75","N",,"2025-10-22T06:00:09.000","Cycle Inspection / Initial Inspection","0","0",,,,,"1",,
"50145621","N/A (FAMILY SHELTER)","Queens","3861","12TH ST","11101","7182587888",,"1900-01-01T00:00:00.000",,,,"Not Applicable",,,,"2025-10-22T06:00:14.000",,"40.757713312208","-73.94122133732","401","26","008500","4005336","4004720635","QN68","POINT (-73.94122133732 40.757713312208)"
"50176235","PARTAKE LLC","Queens","1029","44TH RD","11101","8705253769",,"1900-01-01T00:00:00.000",,,,"Not Applicable",,,,"2025-10-22T06:00:14.000",,"40.749505355684","-73.950475249802","402","26","001900","4005248","4004490023","QN31","POINT (-73.950475249802 40.749505355684)"
"50173175","ESPRESSO BAR \\\""TIGER""","Manhattan","145","EAST   27 STREET","10016","2124206043",,"1900-01-01T00:00:00.000",,,,"Not Applicable",,,,"2025-10-22T06:00:14.000",,"40.741900756158","-73.982609501939","106","02","006800","1018177","1008830044","MN21","POINT (-73.982609501939 40.741900756158)"
"50176970","Wingstop","Queens","21790","HEMPSTEAD AVE","11429","4195311818",,"1900-01-01T00:00:00.000",,,,"Not Applicable",,,,"2025-10-22T06:00:14.000",,"40.71407940438","-73.73849392497","413","27","054000","4430415","4111060034","QN34","POINT (-73.73849392497 40.71407940438)"
"50131689","SIDE BAR","Manhattan",,"AMTRACK LEVEL","10001","7329952865","Bottled Beverages","2025-09-17T00:00:00.000","Violations were cited in the following area(s).","08A","Establishment is not free of harborage or conditions conducive to rodents, insects or other pests.","Not Critical","11","A","2025-09-17T00:00:00.000","2025-10-22T06:00:09.000","Cycle Inspection / Initial Inspection",,,,,,,,,
"50173123","SUSHI AJJO","Brooklyn","340","METROPOLITAN AVENUE","11211","3472769334",,"1900-01-01T00:00:00.000",,,,"Not Applicable",,,,"2025-10-22T06:00:14.000",,"40.714270596596","-73.956752868517","301","34","051900","3062488","3023680016","BK73","POINT (-73.956752868517 40.714270596596)"
"50166606","PIZZA HUT","Queens","5729","MYRTLE AVE","11385","9145128232",,"1900-01-01T00:00:00.000",,,,"Not Applicable",,,,"2025-10-22T06:00:14.000",,"40.700472462138","-73.902722269713","405","34","055100","4082868","4034660056","QN20","POINT (-73.902722269713 40.700472462138)"
"50173007","THE HAUS OF COLLECTIVES","Manhattan","2","HENSHAW STREET","10034","9178037367",,"1900-01-01T00:00:00.000",,,,"Not Applicable",,,,"2025-10-22T06:00:14.000",,"40.866569293575","-73.930321550939","112","10","028700","1065055","1022460130","MN35","POINT (-73.930321550939 40.866569293575)"
"50107833","FRESH IBAKERY","Brooklyn","2210","86 STREET","11214","7184894130","Chinese","2021-08-30T00:00:00.000","No violations were recorded at the time of this inspection.",,,"Not Applicable",,,,"2025-10-22T06:00:11.000","Administrative Miscellaneous / Initial Inspection","40.601756371663","-73.99352516503","311","43","029600","3167097","3063810041","BK28","POINT (-73.99352516503 40.601756371663)"
"50144218","KAZUMI OMAKASE","Manhattan","31","WEST    8 STREET","10011","2128492722",,"1900-01-01T00:00:00.000",,,,"Not Applicable",,,,"2025-10-22T06:00:14.000",,"40.73284433139","-73.997737631347","102","03","006300","1009442","1005720059","MN23","POINT (-73.997737631347 40.73284433139)"
"50168229","ALLAN'S BAKERY","Manhattan","166","ALLEN STREET","10002","5169020590",,"1900-01-01T00:00:00.000",,,,"Not Applicable",,,,"2025-10-22T06:00:14.000",,"40.721145667961","-73.989368380214","103","01","003001","1005527","1004160059","MN27","POINT (-73.989368380214 40.721145667961)"
"50151498","PURPLE VIOLET RESTAURANT L.L.C.","Brooklyn","1140","UTICA AVENUE","11203","9293052411",,"1900-01-01T00:00:00.000",,,,"Not Applicable",,,,"2025-10-22T06:00:14.000",,"40.645014721871","-73.929674564511","317","45","085000","3105284","3047600027","BK91","POINT (-73.929674564511 40.645014721871)"
"50161218","BIG MOZZ","Manhattan","1802","65TH ST TRANSVERSE",,"8457091808",,"1900-01-01T00:00:00.000",,,,"Not Applicable",,,,"2025-10-22T06:00:14.000",,"0","0",,,,,"1",,
"50171190","TEPPANYAKI ONE","Manhattan","60","WEST  125 STREET","10027","9173882690",,"1900-01-01T00:00:00.000",,,,"Not Applicable",,,,"2025-10-22T06:00:14.000",,"40.807287871167","-73.944370658433","110","09","020000","1053480","1017220061","MN11","POINT (-73.944370658433 40.807287871167)"
"50170362","LA CABRA","Manhattan","284","LAFAYETTE STREET","10012","9174566396",,"1900-01-01T00:00:00.000",,,,"Not Applicable",,,,"2025-10-22T06:00:14.000",,"40.724157103571","-73.996092783679","102","01","004300","1007930","1005100006","MN24","POINT (-73.996092783679 40.724157103571)"
"50162499","DRAGON TEA 168 INC","Bronx","605A","EAST  187 STREET","10458","9299972212",,"1900-01-01T00:00:00.000",,,,"Not Applicable",,,,"2025-10-22T06:00:14.000",,"40.855446493498","-73.887348207172","206","15","038900","2097284","2030770001","BX06","POINT (-73.887348207172 40.855446493498)"
"50128307","HAVELI INDIAN RESTAURANT & LOUNGE","Queens","24801-03","UNION TPKE",,"3479339656","Indian","2023-04-06T00:00:00.000","Violations were cited in the following area(s).","04L","Evidence of mice or live mice in establishment's food or non-food areas.","Critical","10","A","2023-04-06T00:00:00.000","2025-10-22T06:00:09.000","Pre-permit (Operational) / Initial Inspection","0","0",,,,,"4",,
"50165056","CHILL TAVERN BBQ","Queens","13738","NORTHERN BLVD","11354","6469079998",,"1900-01-01T00:00:00.000",,,,"Not Applicable",,,,"2025-10-22T06:00:14.000",,"40.763517028584","-73.829742023143","407","20","086900","4112348","4049770035","QN22","POINT (-73.829742023143 40.763517028584)"
"50158105","CACHAPAS Y MAS","Bronx","2368","HOFFMAN STREET","10458","3475138908",,"1900-01-01T00:00:00.000",,,,"Not Applicable",,,,"2025-10-22T06:00:14.000",,"40.855321885296","-73.889043814866","206","15","039100","2011888","2030650027","BX06","POINT (-73.889043814866 40.855321885296)"
"50146943","EL HUASTECO MEXICAN FOOD","Brooklyn","347A-347B","EMPIRE BLVD","11225","6616276320","Mexican","2024-09-26T00:00:00.000","Violations were cited in the following area(s).","04A","Food Protection Certificate (FPC) not held by manager or supervisor of food operations.","Critical","47",,,"2025-10-22T06:00:09.000","Pre-permit (Operational) / Initial Inspection",,,,,,,,,
"50134539","T.CAFE / BAKERY","Manhattan","96","SOUTH STREET","10038","6466724749","Coffee/Tea","2024-10-16T00:00:00.000","No violations were recorded at the time of this inspection.",,,"Not Applicable","0","A","2024-10-16T00:00:00.000","2025-10-22T06:00:09.000","Cycle Inspection / Initial Inspection","40.706373778571","-74.002881837307","101","01","001501","1000000","1000730011","MN25","POINT (-74.002881837307 40.706373778571)"
"50172139","ZAGAYA WINE BAR","Brooklyn","465","16 STREET","11215","6468078683",,"1900-01-01T00:00:00.000",,,,"Not Applicable",,,,"2025-10-22T06:00:14.000",,"40.66035047946","-73.980266418373","307","39","016900","3026729","3011060001","BK40","POINT (-73.980266418373 40.66035047946)"
"50105119","FOODWORKS @ METLIFE","Queens","2701","QUEENS PLZ N","11101","7043285090",,"1900-01-01T00:00:00.000",,,,"Not Applicable",,,,"2025-10-22T06:00:14.000",,"40.750553984257","-73.939314798816","401","26","003300","4005016","4004160010","QN68","POINT (-73.939314798816 40.750553984257)"
"50174730","5S","Manhattan","179","AVENUE B","10009","3475745960",,"1900-01-01T00:00:00.000",,,,"Not Applicable",,,,"2025-10-22T06:00:14.000",,"40.727652137381","-73.979315557977","103","02","002800","1004904","1003940003","MN28","POINT (-73.979315557977 40.727652137381)"
"50176230","MATTO ESPRESSO","Manhattan","530","COLUMBUS AVENUE","10024","6469233383",,"1900-01-01T00:00:00.000",,,,"Not Applicable",,,,"2025-10-22T06:00:14.000",,"40.786168951906","-73.972410855946","107","06","016900","1032162","1012160033","MN12","POINT (-73.972410855946 40.786168951906)"
"50150846","ALTA GAMA","Queens","18213","JAMAICA AVE","11423","5166889929",,"1900-01-01T00:00:00.000",,,,"Not Applicable",,,,"2025-10-22T06:00:14.000",,"40.708808565609","-73.778486916138","412","23","047000","4211802","4099000001","QN61","POINT (-73.778486916138 40.708808565609)"
"50173245","4202 AVENUE D","Brooklyn","4202","AVENUE D","11203","3472401539",,"1900-01-01T00:00:00.000",,,,"Not Applicable",,,,"2025-10-22T06:00:14.000",,"40.641651073668","-73.93688471166","317","45","083800","3112821","3049760001","BK91","POINT (-73.93688471166 40.641651073668)"
"50173344","EARTHBAR","Manhattan","1","PARK AVENUE","10016","6467670006",,"1900-01-01T00:00:00.000",,,,"Not Applicable",,,,"2025-10-22T06:00:14.000",,"40.74606173293","-73.982070676227","105","02","007200","1018472","1008880001","MN20","POINT (-73.982070676227 40.74606173293)"
"50171136","MR. FULTON","Brooklyn","156A","LAWRENCE STREET","11201","6099062734",,"1900-01-01T00:00:00.000",,,,"Not Applicable",,,,"2025-10-22T06:00:14.000",,"40.691740618406","-73.986304372011","302","33","001100","3000399","3001510040","BK38","POINT (-73.986304372011 40.691740618406)"
"50137981","CENTRAL PARK BOATHOUSE CAFE","Manhattan","000","E 72ND ST",,"2125172233","Continental","2025-09-12T00:00:00.000","Violations were cited in the following area(s).","04L","Evidence of mice or live mice in establishment's food or non-food areas.","Critical","32",,,"2025-10-22T06:00:09.000","Cycle Inspection / Initial Inspection","0","0",,,,,"1",,
"50161812","SO SARAP","Manhattan","20","UNION SQUARE WEST","10003","9293239690",,"1900-01-01T00:00:00.000",,,,"Not Applicable",,,,"2025-10-22T06:00:14.000",,"40.736609791786","-73.990679378381","105","02","005200","1016108","1008450002","MN13","POINT (-73.990679378381 40.736609791786)"
"50158848","AURA 57","Manhattan","130","EAST   57 STREET","10022","9173882963",,"1900-01-01T00:00:00.000",,,,"Not Applicable",,,,"2025-10-22T06:00:14.000",,"40.761061935614","-73.96948654606","105","04","011203","1036890","1013110058","MN19","POINT (-73.96948654606 40.761061935614)"
"50152723","ON THE 7","Queens","5004","VERNON BLVD","11101","7183506910",,"1900-01-01T00:00:00.000",,,,"Not Applicable",,,,"2025-10-22T06:00:14.000",,"40.742576338432","-73.95410001969","402","26","000700","4448523","4000330047","QN31","POINT (-73.95410001969 40.742576338432)"
"50134692","MILAGRO TEQUILA BAR","Queens","126","ROOSEVELT AVENUE",,"4072277372","American","2025-09-13T00:00:00.000","No violations were recorded at the time of this inspection.",,,"Not Applicable","0","A","2025-09-13T00:00:00.000","2025-10-22T06:00:09.000","Cycle Inspection / Initial Inspection","0","0",,,,,"4",,
"50165548","SON DEL NORTH","Manhattan","26","CARMINE STREET","10014","5169748315",,"1900-01-01T00:00:00.000",,,,"Not Applicable",,,,"2025-10-22T06:00:14.000",,"40.730201110485","-74.002810709736","102","03","006700","1008365","1005270069","MN23","POINT (-74.002810709736 40.730201110485)"
"50143094","TATOS PIZZA","Brooklyn","8409","18 AVENUE","11214","7186213300","Pizza","2024-01-02T00:00:00.000","Violations were cited in the following area(s).","02B","Hot TCS food item not held at or above 140 °F.","Critical","13","A","2024-01-02T00:00:00.000","2025-10-22T06:00:09.000","Pre-permit (Operational) / Initial Inspection","40.608258944946","-74.001382969819","311","47","027800","3165307","3063320006","BK28","POINT (-74.001382969819 40.608258944946)"
"50170625","WOW SUSHI","Manhattan","37","7 AVENUE","10011","5166737682",,"1900-01-01T00:00:00.000",,,,"Not Applicable",,,,"2025-10-22T06:00:14.000",,"40.737710820377","-74.000281463626","102","03","007100","1010598","1006080009","MN23","POINT (-74.000281463626 40.737710820377)"
"50176313","Miznon Columbia","Manhattan","2895","BROADWAY","10025","9178177600",,"1900-01-01T00:00:00.000",,,,"Not Applicable",,,,"2025-10-22T06:00:14.000",,"40.805942977365","-73.965416591482","109","07","019900","1057337","1018950023","MN09","POINT (-73.965416591482 40.805942977365)"
"40942342","LARRY FLYNT'S HUSTLER CLUB","Manhattan","639641","WEST   51 STREET",,"2122472460","American","2022-03-09T00:00:00.000","Violations were cited in the following area(s).","04A","Food Protection Certificate not held by supervisor of food operations.","Critical","10","A","2022-03-09T00:00:00.000","2025-10-22T06:00:09.000","Cycle Inspection / Initial Inspection","0","0",,,,,"1",,
"50169843","THE QUARTER CLUB","Brooklyn","312","GRAND STREET","11211","9173407762",,"1900-01-01T00:00:00.000",,,,"Not Applicable",,,,"2025-10-22T06:00:14.000",,"40.712854436878","-73.957128935289","301","34","052300","3062828","3023950016","BK73","POINT (-73.957128935289 40.712854436878)"
"50177520","BLAZERS SPORTS BAR LLC","Brooklyn","308","BEDFORD AVENUE","11249","9088385837",,"1900-01-01T00:00:00.000",,,,"Not Applicable",,,,"2025-10-22T06:00:14.000",,"40.713803016407","-73.96174915767","301","34","055100","3062938","3024050021","BK73","POINT (-73.96174915767 40.713803016407)"
"50112311","POPEYES","Brooklyn","552","3 AVENUE","11215","9173461436","Chicken","2023-05-22T00:00:00.000","Violations were cited in the following area(s).","02B","Hot TCS food item not held at or above 140 °F.","Critical","12","A","2023-05-22T00:00:00.000","2025-10-22T06:00:09.000","Cycle Inspection / Initial Inspection","40.668358518161","-73.993616002759","306","39","011700","3023584","3010390038","BK37","POINT (-73.993616002759 40.668358518161)"
"50176832","DANIELE GRANATA","Bronx","3233","AMPERE AVENUE","10465","8459783549",,"1900-01-01T00:00:00.000",,,,"Not Applicable",,,,"2025-10-22T06:00:14.000",,"40.846198242431","-73.81964052374","210","13","027402","2100082","2054160046","BX10","POINT (-73.81964052374 40.846198242431)"
"50165217","PERLE","Manhattan","22","GREENWICH AVENUE","10011","6463703371",,"1900-01-01T00:00:00.000",,,,"Not Applicable",,,,"2025-10-22T06:00:14.000",,"40.734922140424","-74.000108250692","102","03","007100","1010519","1006060006","MN23","POINT (-74.000108250692 40.734922140424)"
"50106008","787 COFFEE","Manhattan","228","EAST   80 STREET","10075","9082308846","Coffee/Tea","2021-11-22T00:00:00.000","Violations were cited in the following area(s).","22F","MISBRANDED AND LABELING","Not Critical",,,,"2025-10-22T06:00:09.000","Administrative Miscellaneous / Initial Inspection","40.774622152293","-73.956016693691","108","05","013800","1048521","1015250035","MN32","POINT (-73.956016693691 40.774622152293)"
"50135484","WONDER","Manhattan","128","WEST   23 STREET","10011","5088086982","Other","2025-06-07T00:00:00.000","No violations were recorded at the time of this inspection.",,,"Not Applicable","0",,,"2025-10-22T06:00:09.000","Inter-Agency Task Force / Initial Inspection","40.743312714839","-73.993803668759","104","03","009100","1082271","1007980059","MN13","POINT (-73.993803668759 40.743312714839)"
"50168849","FLOWING SPACE","Manhattan","16","CLINTON STREET","10002","7472990399",,"1900-01-01T00:00:00.000",,,,"Not Applicable",,,,"2025-10-22T06:00:14.000",,"40.720832161291","-73.98414463914","103","02","002201","1004262","1003500046","MN28","POINT (-73.98414463914 40.720832161291)"
"50073933","LHASALINGFEN","Queens","8007","BROADWAY","11373","7188061712","Asian/Asian Fusion","2025-03-11T00:00:00.000","No violations were recorded at the time of this inspection.",,,"Not Applicable",,,,"2025-10-22T06:00:09.000","Administrative Miscellaneous / Initial Inspection","40.74389194612","-73.884913928379","404","25","026902","4037307","4015090001","QN29","POINT (-73.884913928379 40.74389194612)"
"50071833","XUN YU SI KAO NY","Brooklyn","5609","7 AVENUE","11220","9293105555","Chinese","2022-05-11T00:00:00.000","Violations were cited in the following area(s).","22F","MISBRANDED AND LABELING","Not Critical",,,,"2025-10-22T06:00:09.000","Administrative Miscellaneous / Initial Inspection","40.638956220987","-74.009519514582","307","43","010400","3015506","3008420007","BK34","POINT (-74.009519514582 40.638956220987)"
"40380164","CUCHIFRITOS","Bronx","158","E. 188 TH ST",,"7183674500","Spanish","2024-03-22T00:00:00.000","Violations were cited in the following area(s).","04M","Live roaches in facility's food or non-food area.","Critical","32","C","2024-03-22T00:00:00.000","2025-10-22T06:00:09.000","Cycle Inspection / Re-inspection","0","0",,,,,"2",,
"41194745","GOLDEN PALACE GOURMET","Queens","14009","CHERRRY AVENUE",,"7188864383","Chinese","2025-07-09T00:00:00.000","Violations were cited in the following area(s).","20-06","Current letter grade or Grade Pending card not posted","Not Critical",,,,"2025-10-22T06:00:09.000","Administrative Miscellaneous / Initial Inspection","0","0",,,,,"4",,
"50168735","SANGIZAR","Brooklyn","1371","CONEY ISLAND AVENUE","11230","6467058303",,"1900-01-01T00:00:00.000",,,,"Not Applicable",,,,"2025-10-22T06:00:14.000",,"40.624121218413","-73.965039259048","314","44","053400","3179862","3067130077","BK43","POINT (-73.965039259048 40.624121218413)"
"50177220","NEW XOCHITL LLC","Manhattan","711","WEST  181 STREET","10033","6462429897",,"1900-01-01T00:00:00.000",,,,"Not Applicable",,,,"2025-10-22T06:00:14.000",,"40.8503349217","-73.936281095055","112","10","027100","1064412","1021800090","MN35","POINT (-73.936281095055 40.8503349217)"
"50168624","LUCY'S CAFE","Brooklyn","4706","5 AVENUE","11220","3472218152",,"1900-01-01T00:00:00.000",,,,"Not Applicable",,,,"2025-10-22T06:00:14.000",,"40.646677356594","-74.008691800344","307","38","008000","3342214","3007650036","BK32","POINT (-74.008691800344 40.646677356594)"
"41056159","LA MASSERIA","Manhattan","235","WEST   48 STREET","10036","2125822111","Italian","2022-03-31T00:00:00.000","Violations were cited in the following area(s).","02B","Hot food item not held at or above 140º F.","Critical","14",,,"2025-10-22T06:00:09.000","Cycle Inspection / Initial Inspection","40.760469484393","-73.985665699545","105","03","012500","1076194","1010200005","MN17","POINT (-73.985665699545 40.760469484393)"
"50163766","BABY BRASA KITCHEN (Unit 108)","Manhattan","750","8 AVENUE","10036","9738511508",,"1900-01-01T00:00:00.000",,,,"Not Applicable",,,,"2025-10-22T06:00:14.000",,"40.759871379059","-73.987849705278","105","03","012500","1024736","1010187502","MN17","POINT (-73.987849705278 40.759871379059)"
"50108252","JOHNNY DELI & GROCERY","Queens","13207","JAMAICA AVE","11418","7187390330","Spanish","2025-03-21T00:00:00.000","Violations were cited in the following area(s).","02B","Hot TCS food item not held at or above 140 °F.","Critical","25",,,"2025-10-22T06:00:09.000","Cycle Inspection / Initial Inspection","40.702165074727","-73.820190391864","409","29","014202","4194033","4092840050","QN54","POINT (-73.820190391864 40.702165074727)"
"50109862","EAGLES BAR & GRILL","Queens","6869","FRESH POND RD","11385","9292753725","Mexican","2025-02-13T00:00:00.000","Violations were cited in the following area(s).","15-21","Flavored tobacco products sold, offered for sale","Not Applicable",,,,"2025-10-22T06:00:09.000","Smoke-Free Air Act / Initial Inspection","40.70344138623","-73.895439704453","405","30","058100","4088113","4036280051","QN20","POINT (-73.895439704453 40.70344138623)"
"50043973","NAYA EXPRESS","Manhattan","1","NEW YORK PLAZA","10004","2127608888","Mediterranean","2024-01-03T00:00:00.000","Violations were cited in the following area(s).","02B","Hot TCS food item not held at or above 140 °F.","Critical","17",,,"2025-10-22T06:00:09.000","Cycle Inspection / Initial Inspection","40.702533192425","-74.012561775828","101","01","000900","1000005","1000047501","MN25","POINT (-74.012561775828 40.702533192425)"
"50128293","UNITED SANDWICHES OF AMERICA","Brooklyn","72","BOWNE STREET","11231","3105085521",,"1900-01-01T00:00:00.000",,,,"Not Applicable",,,,"2025-10-22T06:00:14.000",,"40.68218663951","-74.007394863881","306","38","005900","3336445","3005020001","BK33","POINT (-74.007394863881 40.68218663951)"
"50114424","DE ISLANDS","Queens","13858","FRANCIS LEWIS BLVD","11422","3472255828","Caribbean","2025-10-14T00:00:00.000","Violations were cited in the following area(s).","02B","Hot TCS food item not held at or above 140 °F.","Critical","35",,,"2025-10-22T06:00:09.000","Cycle Inspection / Initial Inspection","40.667459244379","-73.737304015489","413","31","063800","4284814","4132630020","QN05","POINT (-73.737304015489 40.667459244379)"
"50177018","CARVEL","Bronx","3442","EAST TREMONT AVENUE","10465","9175156788",,"1900-01-01T00:00:00.000",,,,"Not Applicable",,,,"2025-10-22T06:00:14.000",,"40.832245212144","-73.827599640943","210","13","016600","2079385","2055310017","BX52","POINT (-73.827599640943 40.832245212144)"
"50171201","WEST MAYO LLC","Manhattan","359","BOWERY","10003","2123581952",,"1900-01-01T00:00:00.000",,,,"Not Applicable",,,,"2025-10-22T06:00:14.000",,"40.726827522147","-73.991626025954","103","02","003800","1006568","1004590008","MN22","POINT (-73.991626025954 40.726827522147)"
"50069362","TEXAS CHICKEN & BURGERS","Manhattan","2057","ADAM CLAYTON POWELL JR BOULEVARD",,"6468923202","Chicken","2024-03-07T00:00:00.000","Establishment re-opened by DOHMH.",,,"Not Applicable","0",,,"2025-10-22T06:00:09.000","Cycle Inspection / Reopening Inspection","0","0",,,,,"1",,
"50172467","RINCONCITO CHAPIN 2","Brooklyn","7317","13 AVENUE","11228","6463420364",,"1900-01-01T00:00:00.000",,,,"Not Applicable",,,,"2025-10-22T06:00:14.000",,"40.621304739955","-74.006361468485","310","38","019800","3158842","3062000002","BK30","POINT (-74.006361468485 40.621304739955)"
"50177848","CHYELLE INCORPORATED","Brooklyn","199","COOK STREET","11206","9496777403",,"1900-01-01T00:00:00.000",,,,"Not Applicable",,,,"2025-10-22T06:00:14.000",,"40.703100269006","-73.935311525967","301","34","048500","3071579","3031170037","BK78","POINT (-73.935311525967 40.703100269006)"
"50162729","SARANDA CAFE","Manhattan","330","WEST   38 STREET","10018","9292383299",,"1900-01-01T00:00:00.000",,,,"Not Applicable",,,,"2025-10-22T06:00:14.000",,"40.755131589146","-73.992669196124","104","03","011100","1013627","1007610053","MN13","POINT (-73.992669196124 40.755131589146)"
"50140575","POKEBAB","Brooklyn","209","BEDFORD AVENUE","11211","9179302557","Hawaiian","2025-03-04T00:00:00.000","Violations were cited in the following area(s).","04M","Live roaches in facility's food or non-food area.","Critical","13","A","2025-03-04T00:00:00.000","2025-10-22T06:00:09.000","Cycle Inspection / Initial Inspection","40.716944704529","-73.958659430619","301","33","055300","3062201","3023360002","BK73","POINT (-73.958659430619 40.716944704529)"
"50136527","CUBAN SHACK","Brooklyn","75","HOYT STREET","11201","9177494298","Spanish","2025-09-16T00:00:00.000","Violations were cited in the following area(s).","08A","Establishment is not free of harborage or conditions conducive to rodents, insects or other pests.","Not Critical","27",,,"2025-10-22T06:00:09.000","Cycle Inspection / Initial Inspection","40.68824656389","-73.986662068705","302","33","004100","3000647","3001770001","BK38","POINT (-73.986662068705 40.68824656389)"
"50061298","ABIKO CURRY","Manhattan","2","WEST   32 STREET","10001","2126950888","Japanese","2025-01-14T00:00:00.000","Violations were cited in the following area(s).","06D","Food contact surface not properly washed, rinsed and sanitized after each use and following any activity when contamination may have occurred.","Critical","15",,,"2025-10-22T06:00:09.000","Cycle Inspection / Initial Inspection","40.747308389619","-73.985903129221","105","03","007600","1015823","1008330047","MN17","POINT (-73.985903129221 40.747308389619)"
"40868400","ARIANA KEBAB HOUSE","Manhattan","787","9 AVENUE","10019","2122622323","Afghan","2023-03-21T00:00:00.000","Violations were cited in the following area(s).","09B","Thawing procedure improper.","Not Critical","6","A","2023-03-21T00:00:00.000","2025-10-22T06:00:09.000","Cycle Inspection / Initial Inspection","40.764993098016","-73.987855987299","104","03","013300","1082418","1010620032","MN15","POINT (-73.987855987299 40.764993098016)"
"50072231","POLONICA","Brooklyn","8303","3 AVENUE","11209","7186305805","Polish","2023-12-20T00:00:00.000","Violations were cited in the following area(s).","04L","Evidence of mice or live mice in establishment's food or non-food areas.","Critical","24",,,"2025-10-22T06:00:09.000","Cycle Inspection / Initial Inspection","40.62556907795","-74.030184690948","310","47","006200","3152410","3060170009","BK31","POINT (-74.030184690948 40.62556907795)"
"50132816","NERO.LAB CAFE","Manhattan","725","5 AVENUE","10022","9292396974","Italian","2025-02-14T00:00:00.000","Violations were cited in the following area(s).","08C","Pesticide not properly labeled or used by unlicensed individual. Pesticide, other toxic chemical improperly used/stored. Unprotected, unlocked bait station used.","Not Critical","12","A","2025-02-14T00:00:00.000","2025-10-22T06:00:09.000","Cycle Inspection / Re-inspection","40.762501364873","-73.974286993203","105","04","011202","1035794","1012927501","MN17","POINT (-73.974286993203 40.762501364873)"
"41548686","ABA TURKISH RESTAURANT","Manhattan","325","WEST   57 STREET","10019","2129691782","Turkish","2022-02-09T00:00:00.000","Violations were cited in the following area(s).","02G","Cold food item held above 41º F (smoked fish and reduced oxygen packaged foods above 38 ºF) except during necessary preparation.","Critical","43",,,"2025-10-22T06:00:09.000","Cycle Inspection / Initial Inspection","40.767100568243","-73.983783401296","104","03","013900","1026049","1010480019","MN15","POINT (-73.983783401296 40.767100568243)"
"41576836","DELI ON MADISON","Manhattan","420","MADISON AVENUE","10017","2123086140","American","2023-01-26T00:00:00.000","Violations were cited in the following area(s).","10F","Non-food contact surface or equipment made of unacceptable material, not kept clean, or not properly sealed, raised, spaced or movable to allow accessibility for cleaning on all sides, above and underneath the unit.","Not Critical","19",,,"2025-10-22T06:00:09.000","Cycle Inspection / Initial Inspection","40.75688053465","-73.976310519699","105","04","009400","1035438","1012840017","MN17","POINT (-73.976310519699 40.75688053465)"
"41350171","BURGER KING, POPEYES","Queens","16417","UNION TURNPIKE","11366","7189693423","Hamburgers","2025-08-04T00:00:00.000","Violations were cited in the following area(s).","04N","Filth flies or food/refuse/sewage associated with (FRSA) flies or other nuisance pests in establishment’s food and/or non-food areas. FRSA flies include house flies, blow flies, bottle flies, flesh flies, drain flies, Phorid flies and fruit flies.","Critical","40",,,"2025-10-22T06:00:09.000","Cycle Inspection / Initial Inspection","40.721651063827","-73.80394651219","408","24","124100","4150949","4069720021","QN38","POINT (-73.80394651219 40.721651063827)"
"50127279","LA VILLA RESTAURANT","Bronx","240","WEST  231 STREET","10463","3479421023","Mexican","2025-01-13T00:00:00.000","Violations were cited in the following area(s).","08A","Establishment is not free of harborage or conditions conducive to rodents, insects or other pests.","Not Critical","25",,,"2025-10-22T06:00:09.000","Cycle Inspection / Initial Inspection","40.87961706138","-73.906223657943","208","11","028900","2083153","2057030186","BX29","POINT (-73.906223657943 40.87961706138)"
"40399422","PIZZA CHEF","Queens","15381","CROSS ISLAND PARKWAY","11357","7187461255","Pizza","2025-07-01T00:00:00.000","Violations were cited in the following area(s).","20-06","Current letter grade or Grade Pending card not posted","Not Critical",,,,"2025-10-22T06:00:09.000","Administrative Miscellaneous / Initial Inspection","40.786929015003","-73.808328935438","407","19","098700","4442855","4047170016","QN49","POINT (-73.808328935438 40.786929015003)"
"50118395","EL COMEDOR RESTAURANTE","Brooklyn","5621","5 AVENUE","11220","3475990211","Latin American","2025-08-07T00:00:00.000","Violations were cited in the following area(s).","28-06","Contract with a pest management professional not in place. Record of extermination activities not kept on premises.","Not Critical","51",,,"2025-10-22T06:00:09.000","Cycle Inspection / Initial Inspection","40.641568795983","-74.013977156892","307","38","010200","3015369","3008400002","BK34","POINT (-74.013977156892 40.641568795983)"
"50129374","ROYAL QUEEN","Queens","136-20","ROOSEVELT AVENUE","11354","7183583388","Chinese","2024-01-25T00:00:00.000","Violations were cited in the following area(s).","04A","Food Protection Certificate (FPC) not held by manager or supervisor of food operations.","Critical","50",,,"2025-10-22T06:00:09.000","Cycle Inspection / Initial Inspection","40.759777908235","-73.829235428489","407","20","085300","4113546","4050190005","QN22","POINT (-73.829235428489 40.759777908235)"
"50055392","BRAVO AFRICAN RESTAURANT 2","Bronx","3744","WHITE PLAINS ROAD","10467","3472190481","African","2022-09-15T00:00:00.000","Violations were cited in the following area(s).","02B","Hot TCS food item not held at or above 140 °F.","Critical","45",,,"2025-10-22T06:00:09.000","Cycle Inspection / Initial Inspection","40.882689279405","-73.863281665997","212","12","039000","2058007","2046650059","BX44","POINT (-73.863281665997 40.882689279405)"
"50128207","OCKY FRIED CHICKEN & PIZZA","Bronx","155","EAST  149 STREET","10451","9102603790","Chicken","2024-01-16T00:00:00.000","Violations were cited in the following area(s).","04L","Evidence of mice or live mice in establishment's food or non-food areas.","Critical","50",,,"2025-10-22T06:00:09.000","Cycle Inspection / Initial Inspection","40.818663793272","-73.927705571766","204","08","006300","2001059","2023470033","BX63","POINT (-73.927705571766 40.818663793272)"
"50001689","DREDSURFER GRILL","Queens","16-27","SEAGIRT BOULEVARD","11691","6464633271","Caribbean","2024-04-04T00:00:00.000","Establishment Closed by DOHMH. Violations were cited in the following area(s) and those requiring immediate action were addressed.","08C","Pesticide not properly labeled or used by unlicensed individual. Pesticide, other toxic chemical improperly used/stored. Unprotected, unlocked bait station used.","Not Critical","45",,,"2025-10-22T06:00:09.000","Cycle Inspection / Re-inspection","40.595119257856","-73.750390511281","414","31","101001","4299407","4156490001","QN15","POINT (-73.750390511281 40.595119257856)"
"50126843","KRAZY CHICKEN AND WINGS","Brooklyn","299","MALCOLM X BOULEVARD","11233","3474764590","American","2025-02-04T00:00:00.000","Violations were cited in the following area(s).","08A","Establishment is not free of harborage or conditions conducive to rodents, insects or other pests.","Not Critical","13","A","2025-02-04T00:00:00.000","2025-10-22T06:00:09.000","Cycle Inspection / Re-inspection","40.681783253828","-73.928820803386","303","36","038100","3047554","3016820009","BK61","POINT (-73.928820803386 40.681783253828)"
"50122417","KINSHIP COFFEE","Queens","3005","STEINWAY ST","11103","6465122106","Coffee/Tea","2024-11-07T00:00:00.000","Violations were cited in the following area(s).","04N","Filth flies or food/refuse/sewage associated with (FRSA) flies or other nuisance pests in establishment’s food and/or non-food areas. FRSA flies include house flies, blow flies, bottle flies, flesh flies, drain flies, Phorid flies and fruit flies.","Critical","12",,,"2025-10-22T06:00:09.000","Cycle Inspection / Initial Inspection","40.763422719285","-73.915358510686","401","22","014900","4011253","4006800046","QN70","POINT (-73.915358510686 40.763422719285)"
